,case_id,t_state,p_name,p_year,p_tnum,p_cap,xlong,ylat
0,3000001,CA,Difwind 6,1987.0,250,27.0,-118.270027,35.066047999999995
1,3000002,CA,Sky River,1990.0,342,76.95,-118.237885,35.263294
5,3000010,CA,Alta Mesa 1 and 2,1988.0,115,18.56,-116.666191,33.944595
6,3000011,CA,251 Wind,1987.0,194,18.43,-118.35488899999999,35.085094
7,3000012,TX,Loraine II,2011.0,100,150.0,-100.710289,32.454193
9,3000016,CA,Mesa Wind Farm,1983.0,460,29.9,-116.652934,33.954193
10,3000019,CA,VPI Enterprises Inc.,1985.0,97,10.435,-116.57258600000002,33.889496
11,3000020,AK,Tuntutuliak,2012.0,5,0.475,-162.66188,60.3368
12,3000025,CA,International Turbine Research Center,1988.0,161,17.43,-121.170878,37.035723
16,3000041,CA,San Jacinto Power Company,1985.0,53,4.645,-116.56208799999999,33.899296
19,3000059,CA,Tehachapi Windplant I,1984.0,134,8.71,-118.387375,35.058310999999996
25,3000078,CA,Oasis Power Partners,2004.0,60,60.0,-118.29628799999999,35.067696000000005
29,3000086,CA,San Gorgonio Farms Wind Farm,2008.0,112,31.0,-116.63014199999999,33.92334
30,3000088,CA,Patterson Pass,1985.0,201,13.065,-121.611084,37.691296
32,3000090,CA,Patterson Wind,1985.0,73,7.28,-121.61429299999999,37.696745
36,3000099,CA,DifWind Farms Ltd. IIA,1986.0,39,2.535,-116.56919099999999,33.891396
38,3000102,IA,Forest City High School,1999.0,1,0.6,-93.65379300000001,43.266293
41,3000110,CA,San Gorgonio Westwinds II LLC,1999.0,48,33.6,-116.57348600000002,33.905193
53,3000137,TX,Southwest Mesa,1999.0,106,74.2,-102.11949200000001,31.078196000000002
54,3000138,CA,Alta Mesa 3,1995.0,42,9.45,-116.666227,33.946156
73,3000188,CA,EUI Management,1985.0,64,7.68,-116.63439199999999,33.939594
74,3000190,CA,DifWind Farms Ltd. I,1986.0,68,7.343999999999999,-116.56878700000001,33.899895
75,3000192,IA,Storm Lake I,1999.0,145,108.75,-95.278595,42.643291
79,3000201,TX,Panhandle Wind 1,2014.0,118,218.3,-101.213791,35.410393
83,3000219,KS,Flat Ridge 2,2012.0,262,419.2,-98.155693,37.343292
89,3000231,MN,Lake Benton I,1998.0,143,107.25,-96.367393,44.336490999999995
96,3000242,OR,Combine Hills I,2003.0,41,41.0,-118.62978400000001,45.960793
97,3000243,CA,Whitewater Hill,2002.0,41,61.5,-116.61581399999999,33.925838
99,3000245,CA,Cabazon,1999.0,53,39.75,-116.710388,33.914394
100,3000246,CA,Dutch Energy,1994.0,20,10.0,-116.56028700000002,33.893093
105,3000261,CA,Enron Earth Smart/Green Power,1999.0,22,16.5,-116.550789,33.911297
127,3000324,CA,Painted Hills,1985.0,59,3.835,-116.62118500000001,33.934296
134,3000341,TX,Lone Star II,2008.0,78,156.0,-99.479889,32.493095000000004
149,3000376,CA,DifWind Farms Ltd. V,1985.0,109,11.772,-116.57723999999999,33.888042
153,3000399,CO,Ponnequin 1 and 2,1999.0,28,21.75,-104.824692,40.996094
154,3000400,AK,Kotzebue Wind Project Phase I,1997.0,3,0.15,-162.551468,66.839203
161,3000429,CA,DifWind Farms Ltd. II,1986.0,28,3.0239999999999996,-116.56748999999999,33.897594
165,3000452,CA,Nordex Energy,2000.0,10,10.0,-116.61788899999999,33.940796
168,3000455,CA,Mountain View Power Partners I & II,2001.0,111,66.6,-116.619476,33.914390999999995
190,3000512,CA,Cameron Ridge,1999.0,80,60.0,-118.30758700000001,35.081696
212,3000554,TX,Big Spring I,1999.0,42,27.72,-101.408295,32.214195000000004
231,3000620,MN,Buffalo Ridge Wind,1994.0,4,26.28,-96.21279100000001,44.198792
275,3000733,IL,Providence Heights,2008.0,36,72.0,-89.599091,41.268692
292,3000769,CA,Tehachapi Hills,1985.0,232,20.88,-118.340053,35.099841999999995
307,3000796,TX,Sherbino II,2011.0,60,150.0,-102.517288,30.776896
311,3000807,MN,Lake Benton II,1999.0,138,103.5,-96.076988,44.06879
315,3000815,CA,Wintec Palm,1986.0,22,1.43,-116.560585,33.911896
320,3000832,CA,Ocotillo Wind I,2013.0,18,42.66,-115.992989,32.711594
429,3001123,IN,Meadow Lake,2009.0,121,199.65,-86.92229499999999,40.670390999999995
440,3001157,CA,Oak Creek Wind Power Phase 2,1999.0,33,23.1,-118.34688600000001,35.034496000000004
534,3001436,TX,Pleasant Hill,2015.0,6,10.8,-101.462288,33.747494
554,3001496,VT,Kingdom Community Wind,2012.0,21,63.0,-72.445114,44.733177000000005
556,3001502,RI,New England Tech,2009.0,1,0.1,-71.4515,41.732791999999996
574,3001553,VT,Searsburg,1997.0,11,6.05,-72.965698,42.858891
605,3001638,AK,Selawik Wind Project,2004.0,3,0.15,-160.01766999999998,66.607803
661,3001802,WI,Rosiere Wind Farm,1999.0,17,11.22,-87.629997,44.669292
843,3002279,CA,Green Power,1999.0,22,16.5,-116.550789,33.916695000000004
878,3002392,WI,Port of Milwaukee,2012.0,1,0.1,-87.890839,43.003372
907,3002468,CA,High Winds,2003.0,90,162.0,-121.800385,38.103695
908,3002469,CA,H & S - Tehachapi,1985.0,45,4.05,-118.36528799999999,35.074394
919,3002495,CA,Tehachapi Hills (85B),1985.0,215,19.35,-118.334686,35.102394
972,3002629,MN,GL Wind,2011.0,2,5.0,-91.87718199999999,43.994597999999996
999,3002700,MN,Marshall,2008.0,9,18.9,-95.824188,44.336094
1009,3002725,MN,Odin,2008.0,10,20.0,-94.861366,43.849441999999996
1026,3002774,AK,Delta Junction,2009.0,1,0.1,-145.594971,64.014397
1063,3002859,TX,Panhandle Wind 2,2014.0,79,181.7,-101.313194,35.421093
1209,3003255,VT,Green Mountain Power,1997.0,11,6.05,-72.966202,42.85849
1253,3003372,IL,Eswood School,2012.0,1,0.225,-89.03319499999999,42.056793
1299,3003469,AK,Kotzebue Wind Project2,2006.0,1,0.066,-162.563278,66.837799
1320,3003513,MN,Grant County,2010.0,10,20.0,-95.888062,45.807655
1381,3003639,TX,Anacacho,2012.0,55,99.0,-100.185776,29.178185
1399,3003685,TX,Spinning Spur Wind Ranch,2012.0,35,80.5,-102.39389,35.299294
1403,3003694,IA,Sibley Hills,2003.0,1,0.66,-95.651093,43.404590999999996
1419,3003725,AK,Kasigluk,2006.0,3,0.3,-162.51268000000002,60.870899
1461,3003837,NY,Town of Richland,2010.0,1,0.1,-76.03699499999999,43.565189000000004
1538,3004024,MA,Barnstable Wastewater Treatment Facility,2010.0,2,0.2,-70.30639599999999,41.663692
1593,3004160,IL,LLC 2,2012.0,2,0.2,-88.38662,39.419407
1716,3004445,VT,Rock of Ages,2010.0,1,0.1,-72.476997,44.153492
1719,3004457,NH,Mountain View Grand,2009.0,1,0.1,-71.59030200000001,44.398792
1913,3004958,IA,Storm Lake II,1999.0,106,79.5,-95.353989,42.841694
1938,3005032,TX,White Tail,2012.0,57,91.2,-99.011894,27.481995
1991,3005174,VT,Dynapower 1,1997.0,1,0.05,-73.151596,44.44249
2026,3005271,IA,Sentral Community School,1995.0,1,0.065,-94.388575,43.210556
2105,3005468,OH,Wynford Local Schools,2011.0,2,0.2,-83.019592,40.822792
2136,3005548,MA,Princeton Municipal Light and Water Plant,2009.0,2,3.0,-71.899597,42.47699
2226,3005789,WI,Evansville WWTP,2010.0,1,0.1,-89.27999100000001,42.777592
2280,3005919,IA,Tjaden Farms,2006.0,1,0.45,-92.62359599999999,43.156490000000005
2323,3006042,NY,Harbec Plastics,2002.0,2,1.1,-77.36174,43.226089
2344,3006092,MN,Cisco,2008.0,4,8.4,-95.356895,43.625893
2375,3006179,CO,Peetz Table Wind Farm,2001.0,33,29.7,-103.16499300000001,40.944794
2419,3006311,OH,University of Toledo Wind Turbine,2009.0,1,0.08,-83.595192,41.643692
2436,3006356,CA,Karen Avenue Windfarm,2004.0,12,11.7,-116.55528999999999,33.921993
2490,3006474,AZ,Fort Huachuca,2011.0,1,1.0,-110.31748999999999,31.505396
2524,3006576,IN,Goodland I,2008.0,87,130.5,-87.428696,40.673190999999996
2541,3006613,NE,Steele Flats,2013.0,44,74.8,-96.939545,40.039421000000004
2552,3006631,TX,Barton Chapel,2009.0,60,120.0,-98.302994,33.081093
2584,3006732,MA,Nature's Classroom Wind Turbine,2009.0,1,0.1,-72.003899,42.110889
2717,3007082,AK,Kotzebue Wind Project Phases II & III,1999.0,7,0.35,-162.55737299999998,66.83850100000001
2747,3007163,CA,East Winds,1985.0,7,4.165,-116.54789,33.889793
2764,3007209,IN,Time Factory Wind,2008.0,1,0.05,-86.236496,39.871094
2854,3007426,CA,Diablo Winds,2004.0,31,20.46,-121.614883,37.763393
2881,3007499,CA,Oak Creek Energy Systems,1999.0,16,7.669,-118.36688999999998,35.042095
2893,3007531,MA,Hyannis Country Garden,2008.0,1,0.1,-70.310799,41.651291
3020,3007867,OH,Case Western University,2012.0,3,1.225,-81.496895,41.602092999999996
3039,3007921,MA,Mount St. Mary's Abbey,2009.0,1,0.1,-71.3937,42.042491999999996
3167,3008198,TX,Cirrus 1,2012.0,17,61.2,-101.67259200000001,33.032993
3186,3008244,MA,Woods Hole Research Center,2009.0,1,0.1,-70.643204,41.548992
3339,3008626,TX,Inadale (Roscoe IV),2009.0,197,197.0,-100.62339,32.529293
3373,3008710,MA,City of Medford,2009.0,1,0.1,-71.099098,42.408993
3388,3008741,OH,Great Lakes Science Center,2006.0,1,0.225,-81.696793,41.506691
3395,3008749,TX,Senate,2012.0,75,150.0,-98.343689,33.180492
3469,3008917,VT,Heritage Flight,2009.0,1,0.1,-73.145996,44.463093
3513,3009031,MA,IBEW local 103,2005.0,1,0.1,-71.0541,42.304691
3539,3009078,VT,Bolton Valley Resort,2009.0,1,0.1,-72.834724,44.414455
3648,3009351,IN,The City of Union City,2010.0,1,1.0,-84.817192,40.190692999999996
3861,3009909,CA,Lake Palmdale,2004.0,1,0.95,-118.11828600000001,34.555896999999995
3873,3009949,IA,Story County Medical Center,1995.0,1,0.225,-93.450839,42.007544
3931,3010084,IA,Iowa State Fair Wind Project,2007.0,1,0.66,-93.548897,41.595093
3971,3010186,TX,Big Spring II,1999.0,4,6.6,-101.39999399999999,32.213795000000005
3974,3010198,MA,Falmouth II,2012.0,1,1.65,-70.621498,41.609291
3975,3010200,WY,Evanston (Wyoming Wind Energy Center),2003.0,80,144.0,-110.72658500000001,41.382095
4005,3010264,WI,Byron,1999.0,2,1.32,-88.439194,43.658091999999996
4047,3010392,MA,Cape Cod Regional Transit Authority,2010.0,1,0.1,-70.144402,41.690090000000005
4051,3010400,MN,Nobles,2010.0,134,201.0,-95.76859300000001,43.728592
4131,3010617,NY,Maple Ridge (Lowville),2005.0,83,136.95,-75.610001,43.82999
4170,3010715,CO,Aurora Wal-Mart,2005.0,1,0.05,-104.773087,39.760796
4240,3010879,MN,Moraine II,2009.0,33,49.5,-96.102692,44.135292
4405,3011309,CO,Cedar Creek,2007.0,221,221.0,-104.062889,40.863594
4461,3011440,MI,Traverse City,1996.0,1,0.6,-85.69019300000001,44.776993
4462,3011451,OR,Vansycle I,1998.0,38,25.08,-118.660947,45.936946999999996
4477,3011470,IA,Cerro Gordo/Hawkeye Power/Clear Lake,1999.0,55,41.25,-93.46729300000001,43.094494
4491,3011487,IA,Akron-Westfield School District,1999.0,1,0.6,-96.541191,42.829890999999996
4503,3011499,IA,Waverly,1999.0,2,1.5,-95.264893,42.687691
4527,3011545,MN,Moorhead,1999.0,1,0.75,-96.73479499999999,46.895092
4555,3011608,MN,Chandler Hills Wind Farm,1998.0,3,1.98,-95.950089,43.917190999999995
4558,3011614,MN,Lakota Ridge,1999.0,15,11.25,-96.44899000000001,44.382591
4559,3011615,MN,Shaokatan Hills,1999.0,18,11.88,-96.43219,44.394894
4630,3011740,NY,Wethersfield,2000.0,10,6.6,-78.243698,42.678791
4640,3011751,MN,North Shaokatan Wind Farm,2000.0,18,11.88,-96.443893,44.424892
4654,3011766,MN,Ruthton Wind Farm,2001.0,24,15.84,-96.23819,44.235893
4678,3011790,MN,Agassiz Beach,2001.0,3,1.98,-96.43549300000001,47.005192
4680,3011792,MN,"Metro Wind, LLC",2001.0,1,0.66,-93.560692,45.378792
4681,3011795,WY,Foote Creek 4,2000.0,28,16.8,-106.18508100000001,41.673096
4686,3012176,IA,Top of Iowa,2001.0,89,80.1,-93.430595,43.395493
4752,3012247,KS,Gray County Wind Farm Montezuma),2001.0,170,112.2,-100.39449300000001,37.648895
4917,3012430,PA,Somerset,2001.0,6,9.0,-79.010201,39.985394
4922,3012436,NY,Fenner Wind Power Project,2001.0,19,28.5,-75.765396,43.005093
4937,3012452,PA,Mill Run Windpower LLC,2001.0,10,15.0,-79.39409599999999,39.913994
4944,3012460,MN,"Moulton, Chandler Hills Wind Farm Phase II",2001.0,3,1.98,-95.94929499999999,43.902691
4947,3012463,MN,"Champepaden, Chandler Hills Phase II",2001.0,3,1.98,-95.952393,43.919292
4950,3012482,MN,Kas Farms,2001.0,2,1.5,-96.115189,44.012592
4952,3012484,ND,Valley City Wind Turbine,2001.0,1,0.9,-97.89117399999999,46.918633
4953,3012485,MN,Wilmont Hills,2001.0,1,1.5,-95.853493,43.754791
4954,3012488,MN,McNeilus,2003.0,24,22.8,-92.854904,44.00042
4955,3012490,WA,Stateline Wind Project,2001.0,268,176.88,-118.83018500000001,46.040195000000004
5260,3012866,CO,Ponnequin (PSCo),2001.0,15,9.9,-104.803391,40.998093
5271,3012881,OR,"Condon Wind Project, phase I",2001.0,41,24.6,-120.27338400000001,45.248695
5288,3012921,OR,"Condon Wind Project, phase II",2002.0,42,25.2,-120.272484,45.285095
5341,3012977,WA,Nine Canyon,2002.0,37,48.1,-119.09888500000001,46.098694
5366,3013153,IA,Hancock County Wind Farm,2002.0,148,97.68,-93.711189,43.074593
5502,3013304,WV,Mountaineer Wind Energy Center (Thomas),2002.0,44,66.0,-79.569695,39.151291
5531,3013381,ND,Minnkota Power Cooperative,2002.0,1,0.9,-97.930992,48.008793
5532,3013382,MN,Lakeview Ridge,2001.0,1,0.9,-96.450592,44.520393
5533,3013390,MN,Farmers' coops/Westridge,2003.0,18,17.1,-96.118492,44.021992
5540,3013397,MN,MinWind I & II,2002.0,4,3.8,-96.311195,43.555492
5551,3013421,MN,Missouri River Energy Services (MRES),2002.0,4,3.6,-95.682388,43.622692
5555,3013427,MN,Bingham Lake,2006.0,12,15.0,-95.03479,43.966991
5556,3013428,MN,Don Sneve Wind Farms,2003.0,1,0.95,-95.843666,43.747753
5558,3013431,CO,Colorado Green Wind Project (Lamar),2003.0,108,162.0,-102.600792,37.737595
5581,3013588,TX,Llano Estacado Wind Ranch at White Deer,2001.0,80,80.0,-101.252388,35.493491999999996
5660,3013667,NM,Llano Estacado Wind Ranch at Texico II,2003.0,2,1.32,-103.054794,34.360195000000004
5662,3013669,CA,"Solano Wind Project, Phase I",2003.0,15,9.9,-121.77578700000001,38.134396
5701,3013708,IA,Zachary Ridge,2010.0,1,2.0,-95.65773,43.40596
5703,3013797,IA,Lenox Municipal Utilities,2003.0,1,0.75,-94.538094,40.896694000000004
5704,3013798,PA,Meyersdale,2003.0,20,30.0,-78.990997,39.804192
5724,3013818,PA,Waymart Wind Farm,2003.0,43,64.5,-75.428398,41.638493
5767,3013890,MN,Shaokatan Power Partners,2003.0,2,1.6,-96.418594,44.39669
5769,3013892,SD,South Dakota,2003.0,27,40.5,-99.438423,44.384045
5785,3013919,ND,North Dakota Wind II,2003.0,14,21.0,-98.898392,46.32719
5786,3013920,ND,North Dakota Wind I,2003.0,27,40.5,-98.89859,46.347190999999995
5820,3013954,MN,Moraine Wind Power project,2003.0,34,51.0,-96.069389,44.040592
5854,3013993,MN,Fairmont Wind (SMMPA),2004.0,2,3.3,-94.441193,43.579291999999995
5862,3014004,MN,G. McNeilus Wind Farm,2003.0,9,13.5,-92.717377,43.554928000000004
5863,3014005,MN,Carleton College,2004.0,1,1.65,-93.113892,44.458991999999995
5864,3014012,OH,Bowling Green Municipal,2003.0,2,3.6,-83.740997,41.376492
5865,3014013,MN,Pipestone School District,2003.0,1,0.75,-96.340393,44.000893
5866,3014014,OH,AMP-Ohio/Green Mountain Energy Wind Farm,2004.0,2,3.6,-83.736298,41.382492
5946,3014117,CO,Lamar Municipal,2004.0,3,4.5,-102.537888,38.033295
5949,3014121,CO,Lamar III,2004.0,2,3.0,-102.650894,37.362293
5950,3014124,WA,Nine Canyon II,2003.0,12,15.6,-119.14088400000001,46.103992
5962,3014136,TN,Buffalo Mountain,2004.0,15,27.0,-84.35629300000001,36.130192
5963,3014325,TX,Brazos Wind Ranch,2003.0,99,99.0,-101.152992,32.951195
5988,3014489,TX,Indian Mesa / Aeolus,2003.0,1,3.0,-101.327888,36.472694
5989,3014584,OK,Blue Canyon I,2003.0,45,74.25,-98.598694,34.860493
6034,3014629,CA,Victorville Wind Project,2005.0,1,0.75,-117.35829199999999,34.557693
6036,3014641,CA,"Solano Wind Project, Phase IA",2004.0,7,4.62,-121.77458999999999,38.126995
6042,3014650,CA,Mountain View Power Partners III,2003.0,34,22.44,-116.58708999999999,33.920795
6044,3014653,CA,Coram Energy LLC,2005.0,6,9.0,-118.32479099999999,35.065594
6046,3014673,IA,Iowa Lakes Community College,2005.0,1,1.65,-94.815689,43.385292
6047,3014676,IA,Intrepid Expansion,2005.0,15,15.0,-95.35298900000001,42.526993
6049,3014715,IL,Bureau Valley School District,2004.0,1,0.66,-89.67819200000001,41.453392
6050,3014716,MN,MinWind III-IX,2004.0,7,11.55,-96.390594,43.649994
6051,3014717,IL,Crescent Ridge I,2005.0,33,54.45,-89.579262,41.265434
6057,3014726,MN,West Pipestone (Maiden Winds),2004.0,5,8.25,-96.430389,44.025593
6061,3014731,MN,Redwood Falls (SMMPA),2005.0,2,3.3,-95.175896,44.504494
6070,3014747,MN,JJN Wind Farm,2004.0,1,1.5,-96.391891,44.280891
6074,3014751,MA,Hull Wind Phase II,2006.0,1,1.8,-70.85659799999999,42.261192
6097,3014787,OR,Klondike II,2005.0,50,75.0,-120.600388,45.583096000000005
6098,3014788,ID,Fossil Gulch,2005.0,7,10.5,-114.94958500000001,42.865093
6117,3014809,WA,Hopkins Ridge Wind Project,2005.0,83,149.4,-117.816978,46.40947
6176,3014868,MT,Horseshoe Bend/ranch pit,2006.0,6,9.0,-111.439186,47.506091999999995
6207,3015025,OK,Weatherford Wind Energy Center,2005.0,71,106.5,-98.789291,35.519295
6274,3015096,NM,Caprock Wind Ranch,2004.0,60,60.0,-103.386589,34.996193
6344,3015176,OK,Weatherford Wind Energy Center Expansion,2005.0,27,40.5,-98.70188900000001,35.480095
6369,3015201,OK,Blue Canyon II,2005.0,84,151.2,-98.629494,34.891895
6429,3015262,HI,Kaheawa (Maalaea),2006.0,20,30.0,-156.556183,20.824797
6448,3015284,IA,Stuart,2005.0,1,0.66,-94.327393,41.493992
6449,3015285,IA,Century Expansion,2005.0,35,35.0,-93.63879399999999,42.505993
6489,3015333,NE,Ainsworth Wind Project (NPPD),2005.0,36,59.4,-99.874794,42.459492
6525,3015467,NY,Steel Winds,2007.0,8,20.0,-78.863998,42.812290000000004
6536,3015478,NY,Maple Ridge,2006.0,112,184.8,-75.576599,43.789291
6687,3015630,PA,North Allegheny,2009.0,35,70.0,-78.566498,40.373492999999996
6690,3015643,PA,Locust Ridge II,2009.0,51,102.0,-76.14859799999999,40.850792
6701,3015657,NY,Munnsville,2007.0,23,34.5,-75.539795,42.953990999999995
6704,3015661,MN,Trimont Wind,2005.0,67,100.5,-94.853394,43.81369
6759,3015722,ND,Velva Wind Farm,2006.0,18,11.88,-100.88229399999999,48.101791
6783,3015788,MN,East Ridge,2006.0,8,10.0,-95.91239200000001,43.938190000000006
6784,3015789,MN,Blue Breezes I & II,2006.0,2,2.5,-94.15361,43.655834000000006
6787,3015793,ND,Wilton Wind Farm,2005.0,21,31.5,-100.714493,47.136494
6815,3015821,MN,Arnold Wind Farm,2005.0,1,1.65,-95.84429200000001,43.752693
6820,3015827,MN,Corn Plus,2008.0,2,4.2,-94.13929,43.761993
6821,3015833,MN,Minnesota Wind Share,2006.0,3,5.4,-95.982391,43.957190999999995
6822,3015834,WI,Forward Wind Project,2008.0,86,129.0,-88.53439300000001,43.65789
6824,3015837,IL,Camp Grove,2007.0,100,150.0,-89.68869000000001,41.095493
6885,3015899,RI,Portsmouth Abbey School,2006.0,1,0.66,-71.2687,41.599090999999994
6886,3015902,MA,MWRA Deer Island,2009.0,2,1.2,-70.957298,42.347091999999996
6887,3015903,WY,F.E. Warren Air Force Base,2005.0,2,1.32,-104.88298799999998,41.175995
6889,3015906,WA,Wild Horse I,2006.0,127,228.6,-120.223984,47.015293
7016,3016034,OR,Leaning Juniper,2006.0,67,100.5,-120.26088700000001,45.665993
7050,3016069,TX,Sweetwater Phase III,2005.0,90,135.0,-100.50099200000001,32.326595000000005
7078,3016242,NM,San Juan Mesa,2005.0,120,120.0,-103.84769399999999,33.971695000000004
7179,3016354,TX,Forest Creek Wind Project,2006.0,54,124.2,-101.254593,32.018597
7185,3016360,TX,Snyder,2007.0,21,63.0,-100.728592,32.727394
7206,3016383,TX,Buffalo Gap Wind Farm,2005.0,67,120.6,-100.095795,32.304695
7275,3016639,NM,Aragonne Wind LLC (Pastura),2006.0,90,90.0,-105.14798700000001,34.804992999999996
7362,3016735,TX,Lone Star I,2007.0,88,176.0,-99.490593,32.586395
7523,3016901,CA,Kumeyaay Phase I,2005.0,25,50.0,-116.34539,32.732296000000005
7544,3016924,CA,Shiloh Wind Project,2006.0,76,114.0,-121.86098500000001,38.153294
7636,3017018,CA,Solano Phase IIA,2006.0,8,24.0,-121.77478799999999,38.102196
7651,3017039,AK,Savoonga,2008.0,2,0.2,-170.498077,63.692303
7653,3017041,AK,Tin City Long Range Radar Station,2008.0,1,0.225,-167.96241799999999,65.568611
7654,3017044,IA,Endeavor,2008.0,30,75.0,-95.41469599999999,43.450394
7690,3017084,IA,Hardin-Hilltop,2007.0,7,14.7,-94.35979499999999,42.083492
7697,3017094,KS,Elk River,2005.0,100,150.0,-96.58309200000001,37.595692
7797,3017194,IA,Cross Winds,2007.0,10,21.0,-94.92289,43.047492999999996
7807,3017204,IA,Pomeroy II,2007.0,49,73.5,-94.723389,42.560790999999995
7845,3017341,WV,"NedPower Mount Storm, Phase I",2008.0,82,164.0,-79.197098,39.227493
7847,3017343,NY,Noble Ellenburg,2008.0,54,81.0,-73.925995,44.86499
7893,3017389,NY,Noble Clinton,2008.0,67,100.5,-73.990196,44.937992
7946,3017442,NY,Noble Altona,2009.0,65,97.5,-73.652298,44.827290000000005
8000,3017496,PA,Bear Creek,2006.0,12,24.0,-75.7677,41.232292
8002,3017508,NJ,Jersey Atlantic Wind Farm,2005.0,5,7.5,-74.448502,39.383891999999996
8008,3017516,NY,Noble Bliss,2008.0,67,100.5,-78.245796,42.560390000000005
8038,3017546,NY,Howard,2011.0,25,51.25,-77.568596,42.341393
8053,3017561,PA,Forward,2008.0,14,29.4,-78.863495,40.085293
8067,3017575,PA,Lookout,2008.0,18,37.8,-78.91869399999999,39.880093
8083,3017591,PA,Casselman,2007.0,23,34.5,-79.14299799999999,39.871891
8192,3017704,IL,Twin Groves II,2007.0,98,161.7,-88.603592,40.476692
8200,3017714,ND,Oliver County Wind Energy Center,2006.0,22,50.6,-101.240387,47.179394
8210,3017726,IL,Twin Groves I,2007.0,120,198.0,-88.6633,40.418163
8217,3017741,MN,Mower County Wind Energy Center,2006.0,43,98.9,-92.586189,43.619892
8239,3017768,MN,Tholen & Petersen,2005.0,8,13.2,-96.101395,44.076591
8242,3017771,MN,Ewington,2008.0,10,21.0,-95.417435,43.618103000000005
8244,3017774,MN,Fenton,2007.0,137,205.5,-96.018295,43.852894
8363,3017896,MN,Jeffers,2008.0,20,50.0,-95.276489,44.041393
8382,3017915,MN,Minn-Dakota,2007.0,64,96.0,-96.368492,44.271190999999995
8404,3017939,ND,Rugby,2009.0,71,149.1,-100.034492,48.542792999999996
8425,3017960,WI,Cedar Ridge Wind Farm,2008.0,41,67.65,-88.300896,43.734192
8430,3017967,IL,GSG Wind Farm,2007.0,40,80.0,-89.136597,41.626892
8515,3018053,IL,Big Sky Wind,2011.0,114,239.4,-89.449997,41.583191
8581,3018120,MI,Harvest Wind Farm,2008.0,32,52.8,-83.23039200000001,43.826492
8753,3018313,SD,Chamberlain Wind Project,2001.0,2,2.6,-99.248688,43.847694
8771,3018332,SD,Buffalo Ridge,2009.0,24,50.4,-96.468788,44.439293
8780,3018345,ME,Mars Hill,2007.0,22,33.0,-67.808502,46.552189
8795,3018370,MA,Jiminy Peak Ski Resort,2007.0,1,1.5,-73.292801,42.543793
8796,3018371,CO,Twin Buttes,2007.0,50,75.0,-102.830917,37.695694
8799,3018376,OR,Klondike III,2007.0,80,120.0,-120.662186,45.558395000000004
8908,3018485,UT,Spanish Fork,2008.0,9,18.9,-111.58008600000001,40.072895
8918,3018495,WA,White Creek,2007.0,89,204.7,-120.40868400000001,45.814194
9000,3018577,WA,Marengo I,2007.0,78,140.4,-117.83278700000001,46.390995000000004
9078,3018655,WA,Goodnoe Hills,2008.0,47,94.0,-120.57118200000001,45.775696
9298,3018922,WA,Nine Canyon III,2008.0,14,32.2,-119.16298700000002,46.114494
9303,3018927,CO,Peetz Table,2007.0,267,400.5,-103.52919,40.993393
9427,3019051,WA,Big Horn,2006.0,133,199.5,-120.282684,45.943794
9560,3019184,OR,Elkhorn Valley (La Grande),2007.0,59,97.35,-117.81868700000001,45.112194
9577,3019201,CO,Spring Canyon,2006.0,40,60.0,-103.032494,40.970493
9594,3019218,OR,Threemile Canyon,2009.0,6,9.9,-119.937683,45.675896
9617,3019310,TX,Whirlwind Energy Center,2007.0,26,59.8,-101.082291,34.075794
9639,3019333,TX,Sand Bluff,2007.0,45,90.0,-101.35659,31.999495
9648,3019343,TX,JD Wind 4,2008.0,38,79.8,-101.386589,36.414592999999996
9717,3019416,TX,JD Wind Phase V,2006.0,8,10.0,-101.876389,36.445496
9725,3019434,OK,Centennial Wind Farm,2006.0,40,60.0,-99.662491,36.644794
9757,3019534,TX,Camp Springs,2007.0,87,130.5,-100.82249499999999,32.741993
9833,3019638,TX,JD Wind VI,2007.0,8,10.0,-101.822388,36.466995000000004
9841,3019673,TX,Wege Wind Farm,2008.0,8,10.0,-101.540092,35.350395
9895,3019746,TX,Buffalo Gap 2,2007.0,155,232.5,-100.177094,32.318195
10083,3019945,TX,PYCO Soaring Wind Farm,2008.0,10,10.0,-101.80019399999999,33.554893
10086,3019949,TX,Ocotillo,2008.0,28,58.8,-101.392288,32.160194
10098,3019966,TX,JD Wind 7,2009.0,8,10.0,-101.86369300000001,36.007595
10108,3019979,OK,Sleeping Bear,2007.0,45,94.5,-99.529892,36.629093
10144,3020034,TX,Gulf Wind,2009.0,118,283.2,-97.579193,26.913494
10202,3020098,TX,Roscoe,2008.0,209,209.0,-100.728493,32.531296000000005
10388,3020295,TX,Wildorado,2007.0,70,161.0,-102.343788,35.299892
10503,3020524,HI,Hawi Renewable,2006.0,16,10.56,-155.85498,20.260197
10548,3020571,CA,Dillon,2008.0,45,45.0,-116.58488500000001,33.944595
10575,3020610,HI,Pakini Nui (KA'ALUALU),2007.0,14,21.0,-155.689285,18.974795999999998
10577,3020616,CA,Garnet Wind Project,2009.0,13,6.5,-116.582489,33.902294
10590,3020629,CA,Buena Vista,2006.0,38,38.0,-121.66729,37.805195
10611,3020653,CA,Tehachapi Windplant II,1997.0,13,8.45,-118.293884,35.118694
10623,3020665,AK,St. Paul Island II,2007.0,2,0.675,-170.23738500000002,57.157562
10625,3020668,AK,Kodiak Island Wind Project,2009.0,3,4.5,-152.446075,57.786198
10628,3020671,IA,Pomeroy I,2007.0,82,123.0,-94.74829100000001,42.564091
10701,3020751,KS,Central Plains,2009.0,33,99.0,-101.129494,38.503395000000005
10732,3020785,KS,Smoky Hills,2008.0,56,100.8,-98.02889300000001,38.893093
10783,3020898,IA,Top of Iowa III,2008.0,18,29.7,-93.30289499999999,43.366291
10786,3020901,IA,Crystal Lake I,2008.0,100,150.0,-93.90939300000001,43.146793
10872,3020999,KS,Spearville,2006.0,67,100.5,-99.77329300000001,37.851692
10884,3021024,NE,Elkhorn Ridge,2009.0,27,81.0,-97.620491,42.692993
10905,3021050,KS,Meridian Way,2008.0,35,105.0,-97.601791,39.431793
10939,3021088,KS,Meridian Way II,2008.0,32,96.0,-97.747795,39.413593
10971,3021125,IA,Story County,2008.0,100,150.0,-93.35919200000001,42.145893
11070,3021225,IA,Crystal Lake II,2008.0,76,190.0,-93.86779,43.321793
11146,3021307,KS,Spearville II,2010.0,32,48.0,-99.727692,37.864494
11157,3021332,KS,Smoky Hills II,2008.0,99,148.5,-98.18309,38.900593
11248,3021453,NY,Noble Chateaugay,2009.0,71,106.5,-74.061295,44.923389
11316,3021521,NY,Noble Wethersfield,2009.0,84,126.0,-78.306198,42.62059
11398,3021603,NY,Dutch Hill/Cohocton,2009.0,50,125.0,-77.430595,42.575291
11432,3021640,PA,Locust Ridge,2006.0,13,26.0,-76.185997,40.835293
11534,3021743,NY,Madison Windpower,2000.0,7,11.55,-75.4534,42.892891
11563,3021772,NY,High Sheldon,2009.0,75,112.5,-78.4272,42.761692
11573,3021783,MN,Prairie Star,2007.0,60,99.0,-92.68409,43.614490999999994
11587,3021797,IN,Fowler Ridge I,2009.0,182,300.3,-87.345596,40.602790999999996
11610,3021821,IL,EcoGrove,2009.0,67,100.5,-89.881996,42.494392
11652,3021868,SD,Tatanka,2008.0,59,88.5,-99.00099200000001,45.908091999999996
11701,3021992,ND,Oliver II,2007.0,32,48.0,-101.297989,47.157092999999996
11732,3022025,IL,Grand Ridge,2008.0,66,99.0,-88.705292,41.197292
11763,3022059,IL,Sustainable Technologies Museum (Turbine A,2007.0,1,2.5,-89.24969499999999,41.660294
11764,3022060,IL,Agriwind,2008.0,4,8.4,-89.62359599999999,41.301693
11855,3022216,ND,Langdon - OTP,2008.0,27,40.5,-98.258492,48.744091
12006,3022488,SD,Wessington Springs,2009.0,34,51.0,-98.58429,44.036594
12046,3022529,MN,Nobles Cooperative Electric,2008.0,1,2.1,-95.437294,43.718594
12050,3022541,MN,Elm Creek,2008.0,66,99.0,-94.905991,43.729191
12122,3022636,WI,Butler Ridge,2009.0,36,54.0,-88.473694,43.388191
12184,3022715,NH,Lempster,2008.0,12,24.0,-72.13849599999999,43.248791
12193,3022725,ME,Stetson,2009.0,38,57.0,-67.994598,45.482391
12231,3022763,MA,Forbes Park,2008.0,1,0.6,-71.01329799999999,42.39959
12240,3022773,WY,Mountain Wind I,2008.0,29,60.9,-110.48198700000002,41.288296
12245,3022778,WA,Hopkins Ridge II,2008.0,4,7.2,-117.80688500000001,46.432693
12380,3022916,WA,Marengo II,2008.0,39,70.2,-117.85468300000001,46.361694
12383,3022919,MT,Diamond Willow Wind,2008.0,12,18.0,-104.163391,46.279793
12395,3022932,ID,Mountain Home,2009.0,20,42.0,-115.480286,43.056595
12409,3022948,OR,Pebble Springs,2009.0,47,98.7,-120.12498500000001,45.706196000000006
12459,3023001,WY,Mountain Wind II,2008.0,38,79.8,-110.55899,41.289795
12535,3023091,OR,Klondike IIIA,2008.0,51,76.5,-120.542686,45.550095
12588,3023144,OR,Biglow Canyon I,2007.0,76,125.4,-120.63238500000001,45.659595
12596,3023152,OR,Rattlesnake Road,2008.0,49,102.9,-120.23258999999999,45.713592999999996
12682,3023239,OR,Wheatfield,2009.0,46,96.6,-120.29508999999999,45.666096
12819,3023379,WY,Air Force (Laramie),2009.0,1,2.0,-104.884689,41.178290999999994
12892,3023453,TX,Pyron (Roscoe III),2009.0,166,249.0,-100.652992,32.547695000000004
12894,3023455,TX,Panther Creek I,2008.0,95,142.5,-101.438988,32.008293
12896,3023457,TX,Panther Creek II,2009.0,77,115.5,-101.35149399999999,31.938496
12990,3023551,TX,Majestic,2009.0,53,79.5,-101.531891,35.445194
13043,3023680,TX,Sherbino I,2008.0,50,150.0,-102.393394,30.801695000000002
13230,3023881,TX,Turkey Track,2008.0,113,169.5,-100.287094,32.239197
13300,3023987,TX,Buffalo Gap 3,2008.0,74,170.2,-100.172089,32.295193
13301,3024003,TX,Bull Creek,2008.0,180,180.0,-101.578491,32.959694
13468,3024170,TX,Camp Springs II,2007.0,21,31.5,-100.914192,32.804893
13528,3024231,TX,JD WInd 9,2008.0,8,10.0,-101.998795,35.808193
13531,3024234,TX,JD Wind 11,2009.0,8,10.0,-101.978889,35.811993
13539,3024242,TX,Sweetwater IVb,2007.0,46,105.8,-100.493195,32.286594
13586,3024289,TX,Sweetwater IVa,2007.0,135,135.0,-100.30899000000001,32.357796
13723,3024426,TX,Stanton Energy Center,2008.0,80,120.0,-101.82019,32.217896
13733,3024436,TX,Goat Phase I,2008.0,80,80.0,-100.80789200000001,31.967695000000003
13812,3024515,TX,Goat Phase II,2009.0,29,69.6,-100.789192,31.983496000000002
13837,3024540,TX,JD Wind 8,2009.0,8,10.0,-101.899788,36.026894
13859,3024563,TX,Silver Star I,2008.0,24,60.0,-98.480995,32.345394
13883,3024587,TX,JD Wind 10,2008.0,8,10.0,-101.809692,35.961395
13887,3024591,TX,Sweetwater V,2007.0,35,80.5,-100.453293,32.242695
14038,3024820,TX,Hackberry,2008.0,72,165.6,-99.40419,32.778893
14110,3024894,TX,McAdoo,2008.0,100,150.0,-100.985794,33.769993
14177,3024963,TX,Champion,2008.0,55,126.5,-100.66469599999999,32.396397
14232,3025142,TX,Texas Tech - Nolan,2008.0,1,2.0,-100.526093,32.350196999999994
14241,3025151,NM,Mesalands,2008.0,1,1.5,-103.738991,35.169693
14513,3025426,CA,Solano Wind Project,2007.0,21,63.0,-121.78498799999998,38.109097
14533,3025446,CA,Alite Wind Farm,2008.0,8,24.0,-118.34529099999999,35.035194
14559,3025473,MO,Farmers City,2009.0,73,146.0,-95.492393,40.559895000000004
14568,3025495,IA,Pomeroy III,2008.0,39,58.5,-94.82119,42.630790999999995
14594,3025522,IA,Pioneer Prairie II,2008.0,19,31.35,-92.512596,43.498692
14595,3025523,IA,Pioneer Prairie I,2008.0,120,198.0,-92.55159,43.472893
14599,3025528,IA,Endeavor II,2008.0,20,50.0,-95.482391,43.453091
14618,3025558,IA,Winnebago I,2008.0,10,20.0,-93.77869399999999,43.325790000000005
14627,3025568,IA,Barton,2009.0,80,160.0,-93.114395,43.422492999999996
14718,3025692,IA,Walnut Wind Project,2008.0,102,153.0,-95.23999,41.503192999999996
14727,3025701,IA,Wind Vision,2008.0,1,0.9,-92.88879399999999,43.348091
14819,3025794,IA,Carroll,2008.0,100,150.0,-94.931694,42.147194
14820,3025795,IA,Cannon II,2012.0,1,0.9,-92.368095,42.735493
14826,3025804,IA,Adair,2008.0,76,174.8,-94.69669300000001,41.499092
15080,3026061,PA,Highland Wind Project,2009.0,25,62.5,-78.70399499999999,40.246693
15102,3026084,IL,Rail Splitter,2009.0,67,100.5,-89.433693,40.375591
15141,3026129,MN,Uilk Wind Farm,2009.0,3,4.5,-96.426689,43.981392
15193,3026183,MI,Stoney Corners,2008.0,2,5.0,-85.304794,44.18959
15202,3026192,ND,Turtle Mountain College,2008.0,1,0.66,-99.751793,48.884693
15215,3026206,ND,Ashtabula Wind Center,2008.0,131,196.5,-97.93679,47.191390999999996
15388,3026380,MN,Wapsipinicon Wind,2008.0,67,100.5,-92.699791,43.757092
15442,3026436,MN,Grand Meadow,2008.0,67,100.5,-92.634491,43.741993
15530,3026524,IL,Cayuga Ridge,2010.0,150,300.0,-88.472595,41.000492
15621,3026616,MA,Williams Stone,2009.0,1,0.6,-73.069901,42.234192
15622,3026618,MA,Templeton Wind Turbine,2010.0,1,1.5,-72.077698,42.589092
15624,3026620,MA,Holy Name Catholic High School,2008.0,1,0.6,-71.783897,42.240891
15625,3026621,OR,Hay Canyon,2009.0,48,100.8,-120.60108899999999,45.520893
15637,3026633,ID,Cassia,2009.0,14,29.4,-115.03669,42.843292
15648,3026644,MT,Glacier I,2008.0,71,106.5,-112.132484,48.542491999999996
15649,3026645,MT,Glacier Wind II,2009.0,69,103.5,-112.170685,48.561295
15662,3026658,WY,Seven Mile Hill I & II,2008.0,79,118.5,-106.36599,41.928093
15668,3026665,WA,Windy Point I (Tuolomne Wind Project),2009.0,42,96.6,-120.760185,45.740395
15732,3026740,OR,Echo 1-7,2009.0,27,44.55,-119.40538799999999,45.714195000000004
15762,3026780,WY,Glenrock III,2009.0,26,39.0,-105.834236,43.032973999999996
15914,3026940,TX,Wolf Ridge,2008.0,75,112.5,-97.45859499999999,33.722095
16013,3027041,TX,Noble Great Plains,2009.0,76,114.0,-101.335693,36.447292
16093,3027121,TX,Notrees,2009.0,55,90.75,-102.810989,32.037994
16154,3027182,TX,Elbow Creek Wind Farm,2008.0,53,121.9,-101.42939,32.132195
16156,3027184,OK,Red Hills,2008.0,82,123.0,-99.438393,35.531395
16269,3027297,TX,South Trent Mesa,2009.0,44,101.2,-100.10419499999999,32.416893
16295,3027324,TX,American Windmill Museum,2005.0,1,0.66,-101.823891,33.580894
16449,3027481,CA,Pine Tree Wind Farm,2009.0,80,120.0,-118.19368700000001,35.288197
16529,3027563,PA,Allegheny Ridge,2007.0,40,80.0,-78.55819699999999,40.413994
16532,3027572,ME,Stetson Wind expansion,2010.0,17,25.5,-67.959503,45.584990999999995
16549,3027589,ME,Rollins,2011.0,40,60.0,-68.36460100000001,45.374390000000005
16574,3027614,WV,"NedPower Mount Storm, Phase II",2008.0,50,100.0,-79.246796,39.176792
16575,3027615,IN,Hoosier,2009.0,53,106.0,-87.22829399999999,40.735191
16620,3027665,ME,Presque Isle,2009.0,1,0.6,-68.02020300000001,46.667389
16673,3027722,IA,Iowa Lakes Lakota Wind,2009.0,7,10.5,-94.130493,43.380192
16677,3027727,IA,Iowa Lakes Superior Wind,2009.0,7,10.5,-94.976791,43.451091999999996
16681,3027731,MA,Falmouth Notus,2010.0,1,1.65,-70.608902,41.60849
16733,3027848,IL,Blackstone (Top Crop),2009.0,68,102.0,-88.59429200000001,41.164494
16797,3027916,MI,Michigan Wind I,2008.0,46,69.0,-82.887497,43.752491
16843,3027962,MA,Berkshire Wind,2011.0,10,15.0,-73.274597,42.589890000000004
16861,3027985,IA,Whispering Willow I,2009.0,121,199.65,-93.16239200000001,42.594994
17005,3028134,PA,Armenia Mountain,2009.0,67,100.5,-76.984695,41.743190999999996
17068,3028200,IA,Crane Creek,2009.0,66,99.0,-92.518394,43.430393
17187,3028323,SD,Buffalo Ridge II,2010.0,105,210.0,-96.660088,44.491093
17220,3028357,OK,OU Spirit,2009.0,44,101.2,-99.535393,36.339195000000004
17252,3028389,NM,High Lonesome,2009.0,40,100.0,-105.97458600000002,34.498695
17302,3028440,OR,Leaning Juniper II,2011.0,43,90.3,-120.298988,45.650795
17304,3028442,TX,Papalote Creek,2009.0,109,179.85,-97.532089,27.931696000000002
17377,3028515,TX,Sunray II,2009.0,26,39.0,-101.921791,35.964794
17398,3028536,TX,Sunray I,2009.0,7,10.5,-101.888191,35.935992999999996
17409,3028547,TX,DeWind Little Pringle #2,2010.0,5,10.0,-101.540192,35.964294
17414,3028552,TX,DeWind Little Pringle #1,2010.0,5,10.0,-101.541389,35.924892
17421,3028559,CA,Windland,2009.0,2,3.0,-118.33438100000001,35.091590999999994
17423,3028561,TX,Langford,2009.0,100,150.0,-100.736992,31.135494
17424,3028562,WA,Vantage Point,2010.0,60,90.0,-120.20418500000001,46.951492
17430,3028568,WA,Linden,2010.0,25,50.0,-120.798988,45.733795
17446,3028584,WA,Windy Point II,2009.0,88,202.4,-120.86608899999999,45.703194
17465,3028603,OR,Biglow Canyon II,2009.0,65,149.5,-120.674484,45.661095
17532,3028671,AK,Hooper Bay,2008.0,3,0.3,-166.09758,61.535702
17535,3028675,CA,Shiloh II,2009.0,33,66.0,-121.87208600000001,38.196896
17564,3028707,WY,Glenrock,2008.0,66,99.0,-105.82788799999999,43.098892
17567,3028710,WA,Coastal Energy,2010.0,4,6.0,-124.06868700000001,46.794094
17600,3028743,TX,Panther Creek III,2009.0,133,199.5,-101.098793,32.034195000000004
17733,3028876,AZ,Dry Lake,2009.0,30,63.0,-110.31539199999999,34.638496
17759,3028902,WY,Happy Jack,2008.0,14,29.4,-104.994293,41.132492
17773,3028916,WY,Silver Sage,2009.0,20,42.0,-105.03618600000001,41.137192
17790,3028933,WY,Rolling Hills,2009.0,66,99.0,-105.81899299999999,43.132793
17873,3029016,UT,Milford Phase I,2009.0,58,145.0,-112.91809099999999,38.494495
17971,3029118,TX,Harbor Wind,2012.0,6,9.0,-97.44448100000001,27.832155
17980,3029127,WY,Casper Wind Farm,2009.0,11,16.5,-106.23308600000001,42.884392
17989,3029136,TX,Loraine,2010.0,67,100.5,-100.773094,32.484196000000004
18086,3029233,CO,Northeast Colorado Wind,2009.0,66,151.8,-102.897087,40.988094
18227,3029375,CA,Edom Hills (repower),2008.0,8,20.0,-116.46798700000001,33.886295000000004
18235,3029383,MT,Rim Rock,2012.0,126,189.0,-112.248085,48.781094
18290,3029438,OR,PaTu Wind Farm,2010.0,6,9.0,-120.617287,45.610195000000004
18325,3029474,WA,Wild Horse II,2009.0,22,44.0,-120.23668700000002,47.066593
18408,3029559,OK,Buffalo Bear,2008.0,9,18.9,-99.635292,36.776894
18417,3029568,CA,Brookfield Tehachapi 1 (CCDLP),2012.0,34,102.0,-118.333176,35.055397
18419,3029570,OR,Combine Hills II,2009.0,63,63.0,-118.66169,45.964294
18484,3029640,OR,Elkhorn Valley (08),2008.0,2,3.3,-117.78908500000001,45.109394
18485,3029642,MA,Massachusetts Maritime Academy,2006.0,1,0.66,-70.623802,41.74139
18486,3029643,TX,Penescal,2009.0,84,201.6,-97.49249300000001,27.133896000000004
18489,3029648,ND,Ashtabula II,2009.0,80,120.0,-97.925392,47.321991
18493,3029652,SD,Day County Wind Project,2010.0,66,99.0,-97.915894,45.230793
18503,3029663,DE,University of Delaware,2010.0,1,2.0,-75.164902,38.78289
18504,3029664,IL,Lee/DeKalb,2009.0,145,217.5,-88.880997,41.844494
18507,3029667,OH,Conneaut Middle School,2010.0,1,0.6,-80.559395,41.926193
18508,3029668,OH,Conneaut Waste Water Treatment,2010.0,1,0.4,-80.552094,41.968792
18515,3029676,IA,Story II (aka Garden Wind),2009.0,100,150.0,-93.460297,42.300990999999996
18574,3029738,NY,Hardscrabble,2011.0,37,74.0,-74.904701,43.206790999999996
18580,3029744,VT,Georgia Mountain,2012.0,4,10.0,-73.06871,44.658684
18585,3029749,WV,Pinnacle,2011.0,15,36.0,-79.033501,39.440891
18613,3029779,WI,Blue Sky - Green Field,2008.0,88,145.2,-88.261993,43.865192
18615,3029781,MA,Falmouth Wastewater,2010.0,1,1.65,-70.620796,41.605892
18616,3029782,KS,Greensburg,2010.0,10,12.5,-99.358589,37.550694
18658,3029827,VT,Sheffield,2011.0,12,30.0,-72.104401,44.670891
18661,3029830,IN,Meadow Lake III,2010.0,69,103.5,-87.019196,40.58279
18709,3029880,PA,Highland North,2012.0,30,75.0,-78.71159399999999,40.312393
18742,3029914,IN,Meadow Lake IV,2010.0,47,98.7,-87.037094,40.669292
18751,3029924,ND,Wilton Wind Energy Center II,2009.0,33,49.5,-100.703888,47.12619
18765,3029938,MN,Lakefield,2011.0,137,205.5,-95.133492,43.612792999999996
19192,3030377,IL,Blackstone (Top Crop) II,2010.0,132,198.0,-88.478996,41.194191
19295,3030480,ND,Cedar Hills,2010.0,13,19.5,-103.783691,46.240894
19308,3030493,IN,Fowler Ridge II,2009.0,133,199.5,-87.523895,40.554790000000004
19362,3030548,IA,Lost Lakes Wind Farm,2009.0,61,100.65,-95.242592,43.36499
19391,3030577,PA,Stony Creek,2009.0,35,52.5,-78.844696,40.013992
19424,3030611,ND,Luverne,2009.0,33,49.5,-97.933495,47.336193
19473,3030660,MN,Willmar,2009.0,2,4.0,-95.00799599999999,45.156693
19490,3030680,MI,Stoney Corners - Repower,2009.0,7,14.35,-85.323296,44.19099
19491,3030682,NH,Granite Reliable Power,2012.0,33,99.0,-71.316002,44.840590999999996
19500,3030691,ME,Fox Islands,2009.0,3,4.5,-68.866302,44.09259
19503,3030694,PA,Chestnut Flats,2011.0,17,34.0,-78.488098,40.516391999999996
19504,3030695,ME,"Kibby Mountain, phase I",2009.0,22,66.0,-70.537796,45.410393
19530,3030722,SD,Titan I,2009.0,10,25.0,-99.163391,44.469093
19546,3030738,IL,White Oak,2011.0,100,150.0,-89.027397,40.562492
19564,3030756,MA,Mark Richey Woodworking,2009.0,1,0.6,-70.88069899999999,42.802890999999995
19565,3030757,IN,Meadow Lake II,2010.0,66,99.0,-87.089394,40.657191999999995
19647,3030840,IA,Osage Utilities,2009.0,1,1.5,-92.840591,43.292491999999996
19701,3030894,MO,Loess Hills Wind Project,2008.0,4,5.0,-95.53999300000001,40.414394
19705,3030898,MO,Cow Branch Wind Project,2008.0,24,50.4,-95.473495,40.443690999999994
19728,3030922,MO,Conception Wind Project,2008.0,24,50.4,-94.672195,40.257092
19752,3030946,MO,Bluegrass Ridge,2007.0,27,56.7,-94.486694,40.100390999999995
19779,3030973,ND,Prairie Winds ND 1,2009.0,77,115.5,-101.24069200000001,47.93869
19850,3031046,ND,Prairie Winds Minot Wind 2,2009.0,3,4.5,-101.280487,48.021190999999995
19858,3031055,MN,Bent Tree,2011.0,122,201.3,-93.47219100000001,43.790394
19985,3031183,MN,Elm Creek II,2010.0,62,148.8,-94.88839,43.672791
20003,3031201,MN,Shakopee Mdewakanton Sioux,2009.0,1,1.5,-93.48299399999999,44.736092
20004,3031202,IA,Crystal Lake III,2009.0,44,66.0,-93.90379300000001,43.374393
20047,3031245,MO,Lost Creek Ridge Wind Farm,2010.0,99,148.5,-94.48979200000001,40.030293
20154,3031352,MN,Taconite Ridge Energy Center,2008.0,10,25.0,-92.616089,47.572891
20311,3031514,MN,Norgaard (7 Projects),2006.0,7,8.75,-96.32579,44.314693
20401,3031613,MN,Wolf,2006.0,5,6.25,-95.777992,43.583393
20516,3031731,IA,Clark Thompson 1,2009.0,1,0.9,-93.592392,42.208092
20519,3031734,MN,Winona,2011.0,2,1.5,-91.923294,44.115390999999995
20639,3031857,IN,Tippecanoe Valley School Corporation,2011.0,1,0.9,-86.04409799999999,41.110991999999996
20678,3031896,MN,Woodstock Municipal Wind,2010.0,1,0.75,-96.22719599999999,44.024390999999994
20681,3031899,MD,Criterion,2010.0,28,70.0,-79.371796,39.339993
20685,3031905,VT,Dynapower,2010.0,1,0.1,-73.155098,44.442989000000004
20686,3031906,ND,Bison 1B (2011),2011.0,7,21.0,-101.554092,46.967293
20688,3031908,ND,Bison Wind 1A,2010.0,16,36.8,-101.548889,46.978092
20689,3031909,ND,Bison Wind 1B,2012.0,8,24.0,-101.528191,47.004093
20693,3031913,ND,Bison Wind 3,2012.0,35,105.0,-101.517792,46.964993
20721,3031941,OH,Lincoln Electric,2011.0,1,2.5,-81.525696,41.58469
20774,3031994,WY,Campbell Hill,2009.0,66,99.0,-105.99368999999999,43.049294
20807,3032027,WY,Top of the World,2010.0,44,101.2,-105.769989,42.899494
20919,3032141,CO,Kit Carson Project,2010.0,34,51.0,-102.289787,39.372093
21154,3032387,AZ,Dry Lake II,2010.0,31,65.1,-110.204086,34.598194
21172,3032405,ID,Tuana Springs,2010.0,8,16.8,-115.01718899999999,42.888195
21175,3032408,WY,High Plains,2009.0,66,99.0,-106.05748700000001,41.667992
21221,3032454,TX,Lubbock Wind Ranch,2010.0,1,2.5,-101.765289,33.569294
21224,3032457,OR,Vansycle II,2009.0,43,98.9,-118.68928500000001,45.952194
21267,3032500,AK,Nome,2008.0,18,0.9,-165.431473,64.562302
21294,3032527,MT,Diamond Willow extension,2010.0,7,10.5,-104.170486,46.267494
21301,3032534,OK,Blue Canyon V,2009.0,66,99.0,-98.508492,34.831795
21360,3032600,OR,Biglow Canyon III,2010.0,76,174.8,-120.56978600000001,45.661194
21558,3032798,OK,Elk City,2009.0,43,98.9,-99.95179,35.534794
21600,3032840,CA,Solano Phase 3,2012.0,31,55.8,-121.79198500000001,38.071692999999996
21619,3032859,WA,Sagebrush (Kittitas Valley),2010.0,48,100.8,-120.713486,47.144093
21657,3032897,AK,Toksook Bay,2010.0,4,0.4,-165.112076,60.5271
21661,3032902,AK,Chevak,2009.0,4,0.4,-165.610184,61.525402
21679,3032920,WY,McFadden Ridge,2009.0,19,28.5,-106.03778799999999,41.654892
21694,3032935,TX,Cedro Hill,2010.0,100,150.0,-98.977592,27.534294
21754,3032995,WA,Windy Point IIa (Windy Flats Extension),2009.0,26,59.8,-120.850388,45.720993
21780,3033021,AK,Unalakleet,2009.0,6,0.6,-160.770172,63.911499
21785,3033027,TX,Penescal II,2010.0,84,201.6,-97.57309000000001,27.073496000000002
21865,3033110,CA,Alta I,2010.0,100,150.0,-118.362022,35.035137
21870,3033115,WY,Dunlap,2010.0,74,111.0,-106.20778700000001,42.007793
21944,3033189,TX,Pantex Renewable Energy Project,2014.0,5,11.5,-101.53949,35.322693
21956,3033201,WA,Juniper Canyon,2011.0,63,151.2,-120.281784,45.968594
21991,3033240,WA,Big Horn 2,2010.0,25,50.0,-120.26088700000001,45.918995
22001,3033255,OK,Taloga,2011.0,54,129.6,-98.985291,35.882095
22006,3033260,CA,Pine Tree extension,2010.0,10,15.0,-118.175285,35.234493
22175,3033447,CO,Pueblo Towers,2010.0,1,1.8,-104.621391,38.163395
22190,3033463,CO,Cedar Point,2011.0,139,250.2,-103.74799300000001,39.361694
22325,3033602,OR,Shepherds Flat,2011.0,82,205.0,-120.11978899999998,45.753693
22340,3033618,OR,North Hurlburt,2012.0,24,60.0,-120.09078999999998,45.756596
22380,3033660,OR,South Hurlburt,2012.0,116,290.0,-120.105186,45.719193
22408,3033689,OR,Horseshoe Bend,2012.0,116,290.0,-119.97358700000001,45.598293
22435,3033717,OR,Echo 8-9,2009.0,5,10.0,-119.45628400000001,45.647391999999996
22492,3033776,ID,Goshen North,2010.0,83,124.5,-111.80938700000002,43.495396
22574,3033858,OR,Star Point,2010.0,47,98.7,-120.52168300000001,45.530895
22624,3033908,HI,Kaheawa Wind II,2012.0,14,21.0,-156.539291,20.798798
22632,3033916,UT,Milford Phase II,2011.0,68,102.0,-112.89279199999999,38.596794
22663,3033948,TX,Papaolote Creek II,2010.0,87,200.1,-97.334793,27.987795000000002
22824,3034112,WI,Shirley,2010.0,8,20.0,-87.975494,44.336890999999994
22827,3034117,MN,"Adams Wind Generations, LLC",2011.0,12,20.04,-94.731689,44.916992
22838,3034128,MA,"Department of Correction, NCCI Gardner",2011.0,2,3.3,-71.937798,42.57819
22839,3034129,MI,Stoney Corners III,2011.0,1,2.3,-85.263191,44.155991
22846,3034136,MN,Danielson,2011.0,12,20.04,-94.74789399999999,45.071692999999996
22855,3034146,NE,Laredo Ridge,2011.0,54,81.0,-98.01859300000001,41.839092
22857,3034148,MI,Stoney Corners II,2010.0,9,18.45,-85.32399699999999,44.175090999999995
22866,3034158,IA,"GWE, LLC",2012.0,2,4.0,-93.48009499999999,42.002891999999996
22869,3034161,OH,Archbold Local Schools Wind Turbine,2012.0,1,0.75,-84.315895,41.515190000000004
22870,3034162,OH,Pettisville Local Schools,2012.0,1,0.75,-84.22539499999999,41.527992
22872,3034164,SD,Crow Lake,2010.0,58,87.0,-98.803993,43.864895000000004
22889,3034183,ND,PrairieWinds Minot Wind 1,2002.0,2,2.6,-101.290787,48.023891
22893,3034187,MA,Massachusetts National Cemetery,2010.0,1,0.05,-70.584602,41.673092
22902,3034202,OH,Blue Creek,2012.0,152,304.0,-84.66409300000001,40.934193
22914,3034214,PA,Sandy Ridge,2012.0,25,50.0,-78.23739599999999,40.753094
22929,3034236,WV,Laurel Mountain,2011.0,61,97.6,-79.901299,38.955692
22934,3034241,RI,Sandywoods,2012.0,1,0.275,-71.1539,41.620490999999994
22966,3034276,KS,El Dorado Wind Power,2012.0,1,1.0,-96.851089,37.796993
22977,3034287,MI,Lake Winds,2012.0,56,100.8,-86.324997,43.901691
23032,3034342,PA,Turkey Hill Frey Farm,2011.0,2,3.2,-76.456902,39.958690999999995
23035,3034345,OH,Timber Road II,2011.0,55,99.0,-84.705292,41.057491
23087,3034398,MA,Philips Lightolier,2012.0,1,2.0,-71.116997,41.74609
23091,3034402,PA,South Chestnut,2012.0,23,46.0,-79.733299,39.751694
23093,3034404,MA,Hoosac,2012.0,19,28.5,-73.041397,42.740589
23096,3034407,OH,Kenston School District,2012.0,1,0.75,-81.305298,41.39389
23099,3034410,MI,Gratiot County,2012.0,69,110.4,-84.518196,43.383293
23101,3034412,IL,Settler's Trail,2011.0,94,150.4,-87.621094,40.689293
23111,3034422,OH,Clay High School,2012.0,1,0.9,-83.413498,41.657191999999995
23112,3034423,IA,Bulldog,2010.0,1,1.5,-94.44049100000001,41.225693
23114,3034425,NE,Springview II Wind Facility,2011.0,2,3.0,-99.77739,42.825794
23122,3034433,NY,Marble River,2012.0,70,215.25,-73.940201,44.868893
23125,3034436,MA,Air Force (Barnstable),2009.0,1,1.5,-70.591103,41.657692
23146,3034460,ME,Kibby Mountain II,2010.0,22,66.0,-70.555,45.345692
23173,3034487,MA,Berkshire East Ski Area,2010.0,1,0.9,-72.866798,42.616291
23187,3034503,MA,Mount Wachusett Wind Farm,2009.0,2,3.0,-71.983597,42.590691
23188,3034504,IA,Elk,2011.0,17,42.5,-91.374893,42.611893
23202,3034519,IA,Pomeroy (expansion),2011.0,13,29.9,-94.794495,42.563891999999996
23215,3034532,MN,Oak Glen Wind Project,2011.0,24,43.2,-93.10849,43.924294
23241,3034560,IA,Laurel,2011.0,52,119.6,-92.95229300000001,41.889294
23306,3034626,NH,Groton,2012.0,24,48.0,-71.786201,43.762890000000006
23420,3034741,NE,Flat Water,2010.0,40,60.0,-95.860191,40.001991
23458,3034780,ME,Spruce Mountain,2011.0,10,20.0,-70.550896,44.423790000000004
23468,3034790,IA,New Harvest,2012.0,50,100.0,-95.48259,42.148594
23561,3034883,ND,Baldwin,2010.0,64,102.4,-100.75489,47.094093
23633,3034957,IN,West Central School Corporation,2012.0,1,0.9,-86.885483,41.027817
23638,3034962,WI,Glacier Hills,2011.0,90,162.0,-89.041794,43.559891
23672,3034996,OH,Cuyahoga County Fairgrounds,2012.0,1,0.5,-81.83919499999999,41.366493
23673,3034997,IA,Wolverine,2010.0,1,1.5,-94.44479399999999,41.393093
23681,3035007,IA,Kirkwood Community College,2012.0,1,2.5,-91.650894,41.916592
23815,3035141,ND,Ashtabula III,2010.0,39,62.4,-97.915291,47.200790000000005
23851,3035178,PA,Mehoopany,2012.0,65,104.0,-76.045601,41.439793
23936,3035264,IA,Little Cedar,2011.0,1,1.5,-92.760696,43.384392
24004,3035333,SD,South Dakota Wind Partners,2011.0,7,10.5,-98.83489200000001,43.919792
24060,3035392,OH,ONU Wind,2010.0,3,1.2,-83.843292,40.766693
24063,3035395,IL,Brown County Wind Turbine,2011.0,1,1.5,-90.699394,39.973492
24104,3035443,MN,Valley View,2011.0,5,10.0,-96.00729399999999,43.905193
24115,3035455,MA,No Fossil Fuel - Kingston,2012.0,3,6.0,-70.730202,41.970591999999996
24117,3035457,IA,Traer Wind,2011.0,1,1.5,-92.442696,42.161293
24118,3035458,OH,Pick-a-Part Turbine,2012.0,1,0.1,-81.946899,41.326893
24121,3035461,MN,Ridgewind,2010.0,11,25.3,-96.080894,44.009693
24131,3035472,IA,AG Land 1,2012.0,1,1.6,-93.325691,42.20639
24200,3035541,OK,Minco Wind,2010.0,62,99.2,-98.064194,35.298595
24213,3035554,OK,Big Smile Wind Farm at Dempsey Ridge,2012.0,66,132.0,-99.853088,35.548393
24234,3035575,CA,Alta V,2011.0,56,168.0,-118.24938999999999,35.022797
24241,3035582,CA,Mustang Hills,2012.0,6,18.0,-118.24108899999999,35.031494
24242,3035583,CA,Alta VIII (partial),2011.0,43,129.0,-118.25238799999998,34.988796
24245,3035586,CA,Alta II,2010.0,50,150.0,-118.22679099999999,35.036095
24310,3035651,CA,Brookfield Tehachapi 2,2012.0,7,21.0,-118.24148600000001,35.050194
24324,3035665,TX,NORESCO,2009.0,1,0.1,-101.507591,32.227596000000005
24334,3035676,CA,Alta VI (partial),2011.0,44,132.0,-118.32608799999998,35.012295
24339,3035699,CA,Manzana Winds,2012.0,126,189.0,-118.473991,34.960194
24349,3035736,CA,Alta IV,2011.0,34,102.0,-118.25448600000001,35.036995000000005
24352,3035745,CA,Alta III,2011.0,50,150.0,-118.30316200000001,35.006298
24389,3035854,AK,Toksook Bay Expansion,2010.0,1,0.1,-165.116974,60.526302
24390,3035855,CA,Barstow Marine Logistics Base,2009.0,1,1.5,-116.95978500000001,34.862396000000004
24391,3035856,OK,Keenan II,2010.0,66,151.8,-99.566795,36.273895
24484,3035953,CA,Hatchett Ridge,2010.0,44,101.2,-121.751686,40.860794
24528,3035997,ID,Golden Valley,2011.0,8,12.0,-113.92718500000001,42.432896
24550,3036020,AK,Gambell Wind,2010.0,3,0.3,-171.711578,63.778801
24553,3036023,NM,Macho Springs Wind Farm I,2011.0,28,50.4,-107.52139299999999,32.575497
24584,3036061,ID,Sawtooth,2011.0,14,22.4,-115.38438400000001,42.972195
24589,3036067,TX,Frisco,2012.0,10,20.0,-101.62149000000001,36.498492999999996
24600,3036079,TX,Apogee Stadium Wind,2012.0,3,0.3,-97.160995,33.201195
24603,3036082,ID,Milner Dam,2011.0,13,19.5,-114.02349099999999,42.447796000000004
24617,3036096,OK,Chisholm View,2012.0,140,235.2,-97.581192,36.595295
24618,3036097,OK,Blue Canyon VI,2011.0,55,99.0,-98.586395,34.934593
24676,3036155,ID,Burley Butte,2011.0,13,19.5,-113.92388899999999,42.483395
24680,3036163,ID,Yahoo Creek,2010.0,14,21.0,-114.98638899999999,42.764996000000004
24682,3036165,OK,KODE Novus II,2012.0,20,40.0,-101.500793,36.554794
24702,3036185,OK,KODE Novus I,2012.0,40,80.0,-101.384888,36.542792999999996
24731,3036214,TX,Trinity Hills,2012.0,90,225.0,-98.75829300000001,33.450195
24866,3036350,AZ,Kingman,2011.0,5,10.0,-114.071091,35.147797
24878,3036362,ID,Oregon Trail,2011.0,9,13.5,-114.99028799999999,42.833595
24892,3036381,TX,Golden Spread Panhandle Wind Ranch,2011.0,34,78.2,-102.210289,35.245396
24926,3036418,ID,Tuana Gulch,2011.0,7,10.5,-114.969284,42.830795
24933,3036425,ID,Camp Reed,2010.0,15,22.5,-115.05998999999998,42.805794
24940,3036432,ID,Payne's Ferry,2010.0,14,21.0,-115.006386,42.816795
24952,3036444,ID,Pilgrim Stage Station,2011.0,7,10.5,-115.00088500000001,42.786392
24977,3036471,CA,Windstar,2012.0,37,74.0,-118.379189,35.058193
25035,3036535,AZ,Perrin Ranch,2012.0,62,99.2,-112.29479199999999,35.477295
25042,3036543,ID,Salmon Falls,2011.0,14,21.0,-114.989883,42.694893
25170,3036694,CA,Montezuma,2010.0,16,36.8,-121.79918700000002,38.172394
25185,3036710,CA,Mountain View IV,2012.0,49,49.0,-116.57569099999999,33.883293
25234,3036761,AK,Sand Point,2012.0,2,1.0,-160.490585,55.344799
25324,3036851,ID,Power County,2011.0,18,45.0,-112.75508899999998,42.746895
25325,3036853,WA,Lower Snake River Phase I,2011.0,94,216.2,-117.86178600000001,46.521194
25430,3036958,AK,Emmonak 1,2011.0,4,0.4,-164.55728100000002,62.783198999999996
25437,3036966,CA,Vasco (repower),2011.0,34,78.2,-121.70428500000001,37.784794
25441,3036971,CO,Cedar Creek II,2011.0,60,150.0,-103.736389,40.905693
25623,3037156,AK,Shaktoolik,2012.0,2,0.2,-161.202072,64.360191
25664,3037199,CA,Inland Empire Utility Agency,2011.0,1,1.0,-117.52638999999999,34.084896
25666,3037202,TX,Ralls Wind Farm,2011.0,5,10.0,-101.39408900000001,33.661293
25674,3037210,NM,Red Mesa,2010.0,64,102.4,-107.370392,35.244392
25741,3037279,OK,Crossroads,2011.0,85,195.5,-98.85659,36.096596000000005
25840,3037379,MI,Tuscola Bay Wind,2012.0,67,107.2,-83.674194,43.500393
25844,3037383,IL,Pioneer Trail,2011.0,94,150.4,-88.009491,40.450092
25845,3037384,KS,Post Rock,2012.0,134,201.0,-98.40889,38.889793
25850,3037389,MI,Michigan Wind II,2011.0,50,90.0,-82.802696,43.654590999999996
25876,3037415,ND,Bison Wind 2,2012.0,35,105.0,-101.630791,46.923092
25890,3037429,KS,Flat Ridge Wind Farm,2009.0,40,100.0,-98.536392,37.385692999999996
25931,3037472,MI,Harvest II,2012.0,33,59.4,-83.272797,43.853493
25962,3037503,KS,Ironwood I,2012.0,73,167.9,-99.740189,37.815692999999996
25966,3037507,PA,Laurel Hill,2012.0,30,69.0,-76.97399899999999,41.549191
25977,3037518,ME,Record Hill,2011.0,22,50.6,-70.627701,44.63369
25979,3037520,KS,Cimarron II,2012.0,57,131.1,-100.357292,37.934994
25989,3037530,MN,Big Blue Wind Farm,2012.0,18,36.0,-94.242889,43.64439
26009,3037550,IA,Flying Cloud,2003.0,29,43.5,-95.343689,43.377392
26040,3037581,MI,McKinley Wind Park,2012.0,9,14.4,-83.266632,43.893570000000004
26048,3037589,IA,Luther College,2011.0,1,1.6,-91.817696,43.309093
26053,3037594,IA,Roeder Farms,2011.0,1,1.6,-93.28319499999999,43.297290999999994
26054,3037595,IA,Wind Walkers,2011.0,1,1.6,-93.221489,43.384693
26063,3037604,MI,Sigel Wind Park,2012.0,40,64.0,-82.801796,43.914291
26116,3037657,CO,Limon II,2012.0,125,200.0,-103.572792,39.311091999999995
26149,3037690,IL,Testa Produce,2011.0,1,0.75,-87.653992,41.810691999999996
26152,3037693,IN,Northwestern School Corporation,2012.0,1,0.9,-86.204498,40.523193
26163,3037704,MA,Charlestown Wind Turbine,2011.0,1,1.5,-71.070999,42.391490999999995
26167,3037708,MI,Heritage Garden,2012.0,14,28.0,-86.557838,45.791431
26189,3037731,KS,Flat Ridge 2 Expansion,2012.0,32,51.2,-98.10719300000001,37.381794
26218,3037762,IA,AG Land 6,2012.0,1,1.6,-93.63679499999999,42.335491
26219,3037763,IA,AG Land 5,2012.0,1,1.6,-93.63209499999999,42.335491
26253,3037798,IA,Rippey,2012.0,20,50.0,-94.231491,41.990192
26259,3037804,IA,Eclipse,2012.0,87,200.1,-94.736191,41.522490999999995
26400,3037945,MN,Prairie Rose,2012.0,119,199.92,-96.329193,43.803692
26513,3038059,MA,Fairhaven Wind,2012.0,2,3.0,-70.8722,41.637192
26514,3038060,KS,Spearville 3,2012.0,63,100.8,-99.812187,37.875393
26595,3038143,KS,Shooting Star,2012.0,65,104.0,-99.46189100000001,37.498196
26604,3038152,IL,Bishop Hill II,2012.0,50,81.0,-90.160995,41.259192999999996
26653,3038202,NE,Petersburg,2011.0,27,40.5,-97.916794,41.866493
26657,3038206,IA,Hawkeye,2012.0,15,37.5,-91.99659,42.928492999999996
26705,3038255,IA,AG Land 3,2012.0,1,1.6,-93.43199200000001,42.145592
26706,3038256,IA,AG Land 2,2012.0,1,1.6,-93.428093,42.146091
26707,3038257,IA,AG Land 4,2012.0,1,1.6,-93.354897,41.904194
26711,3038262,KS,Ensign,2012.0,4,9.2,-100.298393,37.630695
26762,3038313,IA,Junction Hilltop Wind,2012.0,5,8.0,-94.26299300000001,42.103794
26764,3038315,MN,Lakeswind,2014.0,32,48.0,-96.276894,46.668892
26845,3038398,MN,University of MN -- Morris,2011.0,1,1.65,-95.877892,45.58469
26851,3038404,NE,Broken Bow I,2012.0,50,80.0,-99.572693,41.471394000000004
26863,3038416,IL,MUTI Wind Turbine,2010.0,1,0.1,-87.851395,41.09539
26873,3038427,IL,Bishop Hill I,2012.0,49,79.38,-90.240997,41.186192
27078,3038633,ND,Pembina Border Station,2012.0,1,1.0,-97.241592,48.996891
27149,3038704,KS,Cimarron I,2012.0,72,165.6,-100.307991,37.848194
27381,3038938,IL,Shady Oaks,2012.0,3,7.5,-89.125496,41.705193
27517,3039074,IA,Pioneer Grove,2012.0,1,3.0,-91.23419200000001,41.850891
27581,3039140,IA,Franklin County,2012.0,60,99.0,-93.254791,42.572594
27645,3039206,OH,Cooper Farms,2012.0,2,3.0,-84.558998,40.914592999999996
27648,3039209,MD,Roth Rock,2011.0,20,50.0,-79.4674,39.254791
27687,3039249,IL,California Ridge,2012.0,134,217.08,-87.86299100000001,40.177094
27700,3039262,IA,Story City Wind,2011.0,1,1.5,-93.598991,42.207893
27715,3039277,MA,AFCEE MMR Turbines,2011.0,2,3.0,-70.545303,41.757591
27730,3039292,MA,Kingston,2012.0,1,2.0,-70.715897,41.978790000000004
27737,3039300,RI,Field's Point Wastewater Treatment Facilit,2012.0,3,4.5,-71.389801,41.792789
27743,3039306,OH,Haviland Wind Project,2012.0,1,1.5,-84.587593,41.015991
28192,3039762,TX,Los Vientos I,2012.0,87,200.1,-97.563194,26.291696999999996
28193,3039763,TX,Los Vientos II,2012.0,84,201.6,-97.747093,26.358995
28283,3039865,CA,Nestle Waters,2012.0,2,3.0,-116.74848899999999,33.916393
28292,3039874,OK,Rocky Ridge I,2012.0,93,148.8,-99.00099200000001,35.068695
28304,3039886,TX,Magic Valley,2012.0,112,203.28,-97.70179,26.476596999999998
28305,3039887,CO,Busch Ranch,2012.0,16,28.8,-104.455887,37.772896
28341,3039927,OK,Minco II,2011.0,63,100.8,-98.09229300000001,35.367492999999996
28398,3039988,WA,Palouse,2012.0,58,104.4,-117.35878799999999,47.170494
28415,3040005,CA,Montezuma Winds II,2012.0,34,78.2,-121.82038899999999,38.138096000000004
28419,3040009,CA,Robertsons Ready Mix,2012.0,2,3.2,-116.81138600000001,33.914597
28449,3040039,CA,Palm Springs (repower),2011.0,33,49.5,-116.56829099999999,33.922096
28455,3040045,NV,Spring Valley,2012.0,66,151.8,-114.47858400000001,39.074696
28474,3040064,ID,High Mesa,2012.0,19,39.9,-115.03818500000001,42.901196
28478,3040068,CA,Pacific Wind,2012.0,70,143.5,-118.424484,34.923096
28495,3040085,CA,Anheuser-Busch Fairfield,2011.0,1,1.5,-122.08928700000001,38.232296000000005
28513,3040110,NM,Wildcat Wind Project,2012.0,13,27.3,-103.28519399999999,32.952896
28524,3040121,CO,Limon I,2012.0,125,200.0,-103.789291,39.376293
28804,3040412,CA,Cemex Madison,2012.0,1,1.5,-121.93518799999998,38.687595
28814,3040429,OK,Blackwell,2012.0,26,59.8,-97.460495,36.862995
28871,3040488,OK,Minco III,2012.0,63,100.8,-98.190392,35.400795
28977,3040605,CA,Walmart Red Bluff,2012.0,1,1.5,-122.193886,40.111195
28978,3040606,ID,Rockland,2011.0,44,79.2,-112.97918700000001,42.667496
29022,3040650,TX,Majestic II,2012.0,20,30.0,-101.603088,35.397896
29160,3040788,AK,Eva Creek,2012.0,12,24.6,-148.944778,64.069
29263,3040893,HI,Kahuku,2011.0,12,30.0,-157.983994,21.681997
29377,3041009,CA,Shiloh III,2011.0,46,94.3,-121.860786,38.181995
29488,3041123,CA,Safeway Tracy,2011.0,2,2.0,-121.52188899999999,37.714294
29490,3041126,TX,Baffin,2015.0,101,202.0,-97.497261,27.197195
29497,3041133,CA,Wagner,2012.0,2,6.0,-116.55558799999999,33.908894000000004
29500,3041138,MT,Gordon Butte,2012.0,6,9.0,-110.33168799999999,46.417491999999996
29615,3041257,AK,Quinhagak,2010.0,3,0.3,-161.91308600000002,59.740299
29621,3041263,CO,Wray School District,2008.0,1,0.9,-102.22328900000001,40.050995
29623,3041265,AK,Kotzebue Wind Project,2012.0,2,1.8,-162.563126,66.83665500000001
29724,3041366,HI,Auwahi Wind,2012.0,8,24.0,-156.31858799999998,20.603098000000003
29790,3041438,TX,Suzlon Project VII,2011.0,1,2.1,-102.270988,35.749596000000004
29796,3041444,AK,Pillar Mountain II,2012.0,3,4.5,-152.460083,57.783501
29806,3041454,CA,Pinyon Pines I,2012.0,56,168.0,-118.23588600000001,35.045795
29824,3041474,ID,Horse Butte,2012.0,32,57.6,-111.743385,43.386295000000004
30016,3041669,IL,Grand Ridge III/IV,2009.0,40,60.0,-88.725594,41.173893
30021,3041675,IA,Pocahontas Prairie,2012.0,40,80.0,-94.68249499999999,42.578392
30022,3041676,KS,Caney River,2011.0,111,199.8,-96.418289,37.427494
30033,3041687,IA,Morning Light,2012.0,44,101.2,-94.619392,41.485794
30084,3041739,NY,Steel Winds II,2012.0,6,15.0,-78.8591,42.801891
30088,3041743,MI,Minden Wind Park,2012.0,20,32.0,-82.797699,43.622593
30105,3041760,IA,Vienna,2012.0,45,105.75,-92.694092,42.152190999999995
30117,3041772,IA,Vienna II,2013.0,19,44.65,-92.82069399999999,42.14389
30144,3041799,MA,Scituate Wind,2012.0,1,1.5,-70.7285,42.175090999999995
30169,3041824,PA,Patton Wind Farm,2012.0,15,30.0,-78.69609799999999,40.630691999999996
30193,3041850,ND,Lake Region State College Wind Turbine,2013.0,1,1.6,-98.888092,48.166393
30194,3041851,RI,Block Island,2016.0,5,30.0,-71.507561,41.125713
30306,3041966,RI,North Kingstown Green,2012.0,1,1.5,-71.4869,41.581593
30373,3042037,WI,Cashton Greens,2012.0,2,5.0,-90.80439,43.739094
30375,3042039,MI,Beebe Community Wind,2012.0,34,81.6,-84.493996,43.273193
30377,3042041,MI,Beebe 1B,2014.0,21,50.4,-84.536713,43.295821999999994
30412,3042077,MA,University of Massachussetts Dartmouth,2012.0,1,0.6,-71.010597,41.62669
30413,3042078,PA,Twin Ridges,2012.0,23,47.15,-78.92319499999999,39.726890999999995
30496,3042168,WI,SC Johnson Waxdale Plant,2012.0,2,3.0,-87.888039,42.713242
30497,3042169,IA,Carroll Area,2015.0,9,20.0,-94.89489,41.932171000000004
30557,3042230,MI,Echo,2014.0,70,112.0,-83.193794,43.928593
30613,3042287,OH,Cooper Farms Amendment,2012.0,1,1.5,-84.566795,40.910892
30616,3042290,KS,Buffalo Dunes,2013.0,135,249.75,-101.001389,37.654694
30749,3042423,ME,Bull Hill,2012.0,19,34.2,-68.171402,44.72699
30750,3042424,NY,Zotos,2011.0,2,3.3,-76.968399,42.887093
30753,3042427,MI,Brookfield Wind Park,2014.0,44,74.8,-83.264893,43.751694
30754,3042429,MI,Pheasant Run I,2013.0,44,74.8,-83.225594,43.767990000000005
30771,3042447,MN,Community Wind North,2011.0,12,30.0,-96.429291,44.265491
30821,3042500,NE,Crofton Bluffs,2012.0,20,36.0,-97.550206,42.695756
30828,3042507,MA,Equity Industrial Partners,2012.0,2,4.0,-70.65720400000001,42.62669
30840,3042519,IL,Minonk,2012.0,100,200.0,-88.89409599999999,40.837193
30867,3042546,MN,Community Wind South,2012.0,15,30.75,-95.78609499999999,43.708092
30919,3042601,WV,Beech Ridge,2010.0,67,100.5,-80.506096,38.050391999999995
31105,3042789,KS,Fort Hays State University,2013.0,2,4.0,-99.403389,38.875893
31106,3042790,IA,Wiota Wind,2012.0,1,1.6,-94.876793,41.391495
31107,3042791,IA,Forward Fontanelle,2012.0,1,1.6,-94.57069399999999,41.339591999999996
31108,3042792,IA,Greenfield Wind,2012.0,1,1.6,-94.488495,41.290493
31109,3042793,IA,Sky Volt,2012.0,1,1.68,-94.485191,41.290690999999995
31122,3042806,MA,Camelot Wind Project,2012.0,1,1.5,-70.644302,41.925491
31217,3042906,IL,Grand Ridge II,2009.0,34,51.0,-88.691597,41.188590999999995
31302,3043001,IL,Heartland Community College,2012.0,1,1.65,-89.01879100000001,40.536694
31330,3043030,WI,Galactic Wind,2012.0,6,9.9,-89.57169300000001,43.172592
31337,3043038,OH,Erie Industrial Park,2014.0,1,0.9,-83.035461,41.545433
31339,3043040,NE,Prairie Breeze,2014.0,118,200.6,-98.210594,41.950294
31357,3043058,MA,Applied Materials,2012.0,1,2.5,-70.649399,42.628192999999996
31404,3043105,MA,Ipswich II,2012.0,1,2.0,-70.846397,42.717293
31525,3043226,MI,Tuscola II,2013.0,59,100.3,-83.57693499999999,43.577965
31557,3043258,IA,Meadow Ridge,2012.0,1,1.6,-94.44628900000001,41.390095
31565,3043266,MI,Gratiot,2011.0,64,102.4,-84.513397,43.411091
31626,3043327,NJ,Bayonne Wind Energy Project,2012.0,1,1.5,-74.117699,40.652794
31790,3043492,CA,North Sky River,2012.0,100,162.0,-118.186485,35.347794
31817,3043519,CO,Colorado Highlands,2012.0,42,67.2,-102.762192,40.730892
31909,3043634,CA,Shiloh IV,2012.0,45,92.25,-121.860184,38.129795
31971,3043719,TX,Blue Summit,2012.0,23,36.8,-99.363396,34.307594
32057,3043806,CA,Cemex Black Mountain Quarry,2012.0,2,3.0,-117.112785,34.623196
32058,3043807,OK,Canadian Hills,2012.0,62,148.8,-98.195992,35.709496
32060,3043809,TX,Gaines Cavern Wind Project,2012.0,1,2.0,-103.062454,32.688553000000006
32094,3043843,CA,Cemex River Plant,2012.0,2,3.2,-117.30718999999999,34.561996
32189,3043944,TX,Bobcat Bluff,2012.0,100,150.0,-98.548447,33.502644000000004
32434,3044194,AK,Wales Wind Energy Project,2000.0,2,0.1,-168.086655,65.6157
32456,3044216,MT,Musselshell I,2012.0,7,10.0,-109.46578999999998,46.276993
32463,3044223,MT,Musselshell II,2012.0,7,10.0,-109.48998999999999,46.269394
32483,3044243,OK,Guthrie WWTP,2001.0,1,0.1,-97.435295,35.902493
32487,3044247,ID,Cold Springs,2012.0,60,138.0,-115.41698500000001,43.037791999999996
32610,3044371,CA,Superior Farms,2012.0,1,1.0,-121.81748999999999,38.420094
32614,3044375,TX,Stephens Ranch II,2015.0,92,164.68,-101.66484799999999,33.028564
32698,3044461,TX,Stephens Ranch 1,2014.0,118,211.22,-101.707748,32.963963
32855,3044619,HI,Kawailoa Wind,2012.0,30,69.0,-158.051086,21.604696
32868,3044632,ID,Meadow Creek,2012.0,57,119.7,-111.80218500000001,43.565895000000005
32947,3044712,CA,Pinyon Pines II,2012.0,44,132.0,-118.18748500000001,35.018295
33016,3044785,MT,Spion Kop,2012.0,25,40.0,-110.65418999999999,47.324593
33051,3044820,TX,Mozart,2012.0,12,30.0,-100.52399399999999,32.969494
33268,3045039,MT,Judith Gap,2005.0,90,135.0,-109.742287,46.538895000000004
33418,3045191,OR,Willow Creek,2009.0,48,72.0,-120.017784,45.661095
33573,3045349,ID,Wolverine Creek,2005.0,43,64.5,-111.86268600000001,43.334694
33717,3045493,AK,Nome Newton Peak,2013.0,2,1.8,-165.42648300000002,64.57040400000001
33772,3045551,WA,Swauk Valley,2012.0,5,4.25,-120.75378400000001,47.140293
33896,3045676,CA,Alta XI,2013.0,7,19.95,-118.38028700000001,35.068497
33912,3045692,AK,Fire Island Project,2012.0,11,17.6,-150.267471,61.124995999999996
33956,3045746,IN,Wildcat I,2012.0,125,200.0,-85.932198,40.365593
34046,3045836,TX,Grandview I,2014.0,118,211.22,-101.274063,35.273163000000004
34064,3045854,IN,Winchester,2014.0,1,0.85,-84.977432,40.189621
34066,3045857,MA,Hull I,2001.0,1,0.66,-70.922195,42.304390000000005
34088,3045880,IA,Cumberland Rose,2012.0,1,1.6,-94.43489100000001,41.227092999999996
34139,3045934,IN,Headwaters,2014.0,100,200.0,-84.99499499999999,40.109722
34157,3045952,MI,Cross Winds Energy Park,2014.0,62,110.98,-83.478249,43.571521999999995
34166,3045961,IA,Lundgren,2014.0,107,251.02200000000002,-94.255455,42.404182
34280,3046076,IL,Pilot Hill,2015.0,103,175.1,-88.04761500000001,40.979046000000004
34284,3046080,MI,Big Turtle,2014.0,10,20.0,-82.744934,43.86314
34291,3046087,OH,Harpster Wind,2016.0,1,1.5,-83.228584,40.718292
34294,3046090,IA,Highland I,2015.0,211,495.01,-95.59137700000001,43.091446000000005
34324,3046120,IA,Highland II,2015.0,3,7.04,-95.521919,43.050854
34463,3046259,NY,Orangeville Wind,2013.0,52,84.24,-78.265495,42.713291
34466,3046262,MA,6th Space Warning Squadron,2013.0,2,3.36,-70.541801,41.752491
34469,3046265,ND,Bison Wind 4,2014.0,64,204.8,-101.475792,47.006512
34559,3046358,NE,Broken Bow II,2014.0,43,75.0,-99.525475,41.551285
34610,3046410,IN,Shenandoah School Corporation,2013.0,1,0.9,-85.523666,40.010242
34620,3046420,MA,LWSC Wind Turbine,2014.0,1,0.6,-70.956688,42.452690000000004
34633,3046433,OH,Honda Plant,2013.0,2,3.4,-83.893204,40.449333
34656,3046456,IA,Wellsburg,2014.0,60,140.76,-92.983612,42.424454
34721,3046523,MN,White Earth Tribe,2018.0,1,0.75,-95.859604,47.089199
34734,3046536,KS,Cloud Power,2010.0,1,0.35,-97.664314,39.54911
34746,3046549,IA,Macksburg,2014.0,51,119.646,-94.168396,41.234344
34905,3046711,SD,"Beethoven Wind, LLC",2015.0,43,79.55,-98.053833,43.180962
34953,3046759,KS,Alexander,2015.0,21,48.3,-99.546196,38.456131
35115,3046922,TX,Goldthwaite,2013.0,83,141.1,-98.485229,31.404615000000003
35122,3046929,TX,Palo Duro,2014.0,147,249.9,-101.010239,36.496635
35255,3047062,TX,Hidalgo (Los Mirasoles),2016.0,75,150.0,-98.447525,26.469490000000004
35262,3047069,TX,Hidalgo II (Los Mirasoles),2016.0,50,100.0,-98.396118,26.499252000000002
35325,3047133,OK,Origin,2014.0,75,150.0,-97.336624,34.489754
35398,3047207,TX,Mesquite Creek,2015.0,118,211.22,-101.778595,32.667534
35408,3047217,CA,Alta X,2013.0,48,136.8,-118.25403600000001,35.08532
35463,3047274,TX,Longhorn,2015.0,100,200.0,-101.276237,34.346825
35567,3047378,TX,Keechi,2015.0,55,110.0,-98.17420200000001,33.188435
35570,3047381,TX,Hereford 1,2014.0,50,100.0,-102.301651,34.779976
35674,3047485,OK,Balko Wind,2015.0,162,299.7,-100.93457,36.503124
35820,3047636,CO,Spring Canyon Expansion,2014.0,35,60.0,-102.963127,40.995125
35821,3047637,OK,Kingfisher Wind,2015.0,90,180.0,-97.92144,35.640888000000004
36025,3047844,OK,Mammoth Plains,2014.0,117,198.9,-98.754173,36.027115
36144,3047969,NM,"Brahms Wind, LLC",2014.0,12,19.8,-103.324455,34.740345
36151,3047976,WA,Tucannon River,2014.0,116,266.8,-118.03045700000001,46.437523
36210,3048035,TX,Windthorst-2,2014.0,28,64.4,-98.542152,33.503624
36406,3048237,CO,Huerfano River,2013.0,4,8.0,-104.83149,37.776092999999996
36410,3048242,CA,City of Soledad Water Reclamation Facility,2014.0,1,1.85,-121.34016399999999,36.42094
36411,3048243,CA,Golden Acorn Casino,2014.0,1,1.85,-116.35131799999999,32.701496
36531,3048363,MT,Fairfield Wind Farm,2014.0,4,6.8,-111.965317,47.723273999999996
36587,3048419,UT,Latigo,2016.0,27,62.1,-109.381294,37.883072
36616,3048448,CA,Taylor Farms,2014.0,1,1.85,-121.451797,36.50515
36617,3048449,TX,Spinning Spur 2,2014.0,87,160.95,-102.672989,35.336994
36625,3048457,TX,Miami,2014.0,156,288.6,-100.552818,35.712925
36877,3048772,TX,Los Vientos III,2015.0,100,200.0,-98.605919,26.533195000000003
37022,3048919,ND,Border Winds Project,2015.0,75,150.0,-99.605713,48.970524
37101,3048998,ME,Saddleback Ridge,2014.0,3,8.55,-70.37999,44.601428999999996
37113,3049010,MD,Fourmile Ridge,2014.0,16,40.0,-78.984024,39.662014
37129,3049026,MN,Pleasant Valley,2015.0,100,200.0,-92.885345,43.853733
37223,3049120,MD,Fair Wind,2015.0,12,30.0,-79.381378,39.331512
37241,3049138,CT,Wind Colebrook South,2015.0,2,5.0,-73.145882,41.962429
37284,3049182,IL,Hoopeston Wind,2015.0,49,98.0,-87.805962,40.409374
37318,3049216,ME,Passadumkeag,2016.0,13,42.9,-68.387497,45.126011
37323,3049221,RI,WED Coventry 6,2016.0,3,4.5,-71.708107,41.669895000000004
37326,3049224,RI,WED Coventry 2,2016.0,3,4.5,-71.703789,41.667122
37329,3049227,NY,Marsh Hill,2014.0,10,16.2,-77.520576,42.179512
37330,3049229,TN,Buffalo Mountain (Windrock),2000.0,3,1.98,-84.339096,36.121895
37339,3049238,SD,Oak Tree,2014.0,11,19.5,-97.722038,44.944664
37340,3049239,ME,Patriot,2008.0,3,4.5,-69.338287,44.491611
37349,3049248,ME,Hancock,2016.0,17,51.0,-68.133354,44.73624
37369,3049277,NC,Amazon Wind Farm US East,2017.0,104,208.0,-76.488823,36.299015000000004
37569,3049497,IA,Adams,2016.0,60,144.9,-94.671776,40.919909999999994
37572,3049500,IA,30 MW Iowa DG Portfolio,2017.0,10,30.0,-93.51589200000001,42.016373
37579,3049508,MN,Black Oak Getty,2016.0,39,78.0,-95.06871,45.662186
37617,3049550,IA,Mason Wind LLC Mason City,2017.0,5,10.0,-93.109177,43.135239
37627,3049560,RI,WED Coventry 4,2016.0,1,1.5,-71.729477,41.686527000000005
37631,3049568,MA,Future Generation Wind,2016.0,4,8.0,-70.613007,41.775017
37650,3049588,ND,Thunder Spirit,2015.0,43,107.5,-102.63806899999999,46.084072
37694,3049639,IN,Amazon Wind Farm (Fowler Ridge),2015.0,65,149.5,-87.421127,40.611202
37755,3049700,MN,Odell,2016.0,100,200.0,-94.910599,43.856033000000004
37758,3049703,IA,Mason Wind LLC Fairbank,2017.0,3,6.0,-92.020935,42.643631
37760,3049706,KS,Slate Creek,2015.0,75,150.0,-97.243256,37.124317
37870,3049816,ND,Sunflower,2016.0,52,104.0,-102.042992,46.825687
37900,3049850,WV,New Creek Wind,2016.0,4,8.0,-79.126869,39.231421999999995
37918,3049868,OH,Amazon Wind Farm US Central,2016.0,48,100.8,-84.73496999999999,41.144917
37954,3049911,KS,Cedar Bluff,2015.0,111,198.7,-99.706062,38.715412
38077,3050037,RI,WED Coventry 1,2016.0,1,1.5,-71.707817,41.675499
38079,3050039,RI,WED Coventry 3,2016.0,1,1.5,-71.721161,41.695499
38098,3050064,MI,Deerfield,2017.0,44,90.2,-82.84773,43.953421999999996
38105,3050084,NH,Jericho Mountain,2015.0,5,14.25,-71.220718,44.47118
38129,3050135,OK,Seiling,2014.0,117,198.9,-99.057693,36.076603000000006
38141,3050147,TX,Falvez Astra,2017.0,68,163.2,-102.039078,34.792927
38195,3050201,CA,Rising Tree North,2014.0,30,99.0,-118.20651200000002,35.092762
38245,3050252,TX,Spinning Spur 3,2015.0,97,194.0,-102.755524,35.268345000000004
38387,3050394,OR,Willow Spring,2017.0,5,10.0,-117.274872,44.381596
38408,3050415,OK,Seiling 2,2014.0,59,100.3,-98.987434,36.186221999999994
38474,3050481,CO,Limon III,2014.0,118,200.6,-103.348442,39.295502
38475,3050482,CA,Golden Hills,2015.0,48,85.9,-121.648376,37.714005
38509,3050516,TX,Grandview II (Colbeck's Corner),2016.0,112,200.48,-101.16489399999999,35.354057
38680,3050687,TX,South Plains,2015.0,100,200.0,-101.364655,34.172924
38712,3050719,CA,Rising Tree South,2015.0,30,99.0,-118.229202,35.065521000000004
38752,3050759,MT,Two Dot,2014.0,6,9.72,-110.09069099999999,46.455093
38784,3050792,OK,Goodwell,2015.0,71,142.0,-101.702438,36.506153000000005
38917,3050926,OK,Arbuckle Mountain,2015.0,50,100.0,-97.174713,34.366005
38974,3050983,NM,Anderson Wind Project,2014.0,3,4.95,-103.855408,33.035954
39014,3051025,OK,Osage Wind,2015.0,84,150.36,-96.70027900000001,36.706833
39142,3051154,CO,Peak View Wind,2016.0,34,60.86,-104.492203,37.664375
39169,3051181,TX,Green Pastures II,2015.0,50,150.0,-99.462944,33.638659999999994
39255,3051267,TX,Jumbo Road,2015.0,162,299.7,-102.333733,34.744003
39425,3051437,TX,Rattlesnake,2015.0,118,207.0,-101.490089,31.762054
39436,3051448,TX,Los Vientos IV,2016.0,100,200.0,-98.658035,26.648375
39533,3051548,TX,Mariah North Wind,2016.0,96,230.4,-102.77636700000001,34.733139
39545,3051560,NM,Roosevelt,2015.0,125,250.0,-103.59650400000001,33.969475
39641,3051656,NM,Milo,2015.0,9,18.0,-103.43927,33.907158
39695,3051710,OK,Kay Wind,2015.0,130,299.0,-97.263,36.899319
39853,3051868,TX,Green Pastures I,2015.0,50,150.0,-99.33493,33.670906
39859,3051874,CO,Golden West Wind Farm,2015.0,145,249.2,-104.229362,39.005993
39869,3051884,TX,Cameron,2015.0,55,165.0,-97.49889399999999,26.139754999999997
40021,3052036,TX,Los Vientos V,2015.0,55,110.0,-98.570435,26.449534999999997
40079,3052094,TX,Briscoe,2015.0,81,150.0,-101.339584,34.331253000000004
40171,3052186,OK,Little Elk,2015.0,37,74.0,-98.86824,35.208065000000005
40214,3052230,OK,Breckinridge,2015.0,57,98.1,-97.735939,36.459232
40312,3052329,TX,Gunsight,2016.0,67,119.93,-101.517944,32.498714
40354,3052371,OK,Grant Wind,2016.0,66,151.8,-97.721909,36.889458000000005
40479,3052496,IA,Mason Wind LLC Dyersville,2017.0,3,6.0,-91.23101,42.487156
40485,3052503,OH,Zephyr Wind Project,2015.0,3,4.5,-83.642578,41.09766
40487,3052506,NE,Prairie Breeze II,2015.0,41,73.5,-97.854248,41.966373
40498,3052518,ME,Bingham Wind,2016.0,56,184.8,-69.751671,45.086684999999996
40531,3052560,KS,Buckeye,2015.0,112,200.0,-99.460533,38.991474
40554,3052583,KS,Marshall Wind Energy,2016.0,36,72.0,-96.36158,39.892471
40621,3052652,SD,Campbell County,2015.0,55,95.0,-100.305977,45.804512
40652,3052683,NE,Prairie Breeze III,2016.0,20,35.8,-97.94695300000001,42.004456
40663,3052694,NE,Grande Prairie,2016.0,200,400.0,-98.47024499999999,42.544518
40881,3052918,ME,Oakfield Wind,2015.0,48,147.6,-68.090073,46.062431
40888,3052925,NE,Creston Ridge,2015.0,4,6.8,-97.389709,41.677611999999996
40904,3052941,OH,Whirlpool Corp. Findlay Wind Farm,2015.0,2,3.0,-83.644386,41.101212
40946,3052984,IA,O'Brien,2016.0,91,219.765,-95.715645,43.195225
40952,3052990,IA,Ida Grove,2016.0,14,25.06,-95.42641400000001,42.426685
40976,3053014,KS,Cimarron Bend II,2017.0,100,200.0,-100.07599599999999,37.37793
40994,3053063,KS,Cimarron Bend I,2016.0,100,200.0,-99.942497,37.378349
41067,3053160,ND,Courtenay,2016.0,100,200.0,-98.597473,47.193653000000005
41200,3053311,ND,Lindahl,2017.0,75,150.0,-103.010605,48.514998999999996
41267,3053393,PA,Ringer Hill,2016.0,14,39.9,-79.198975,39.724388
41289,3053424,IA,Mason Wind LLC Perry,2017.0,3,6.0,-94.080627,41.81881
41302,3053439,IL,Method Manufacturing Plant,2015.0,1,0.6,-87.601456,41.698063
41313,3053451,KS,Kingman Wind Energy Center,2016.0,110,188.65,-98.39399,37.573902000000004
41342,3053480,KS,Ninnescah,2016.0,111,190.365,-98.531891,37.627972
41376,3053525,NY,Jericho Rise,2016.0,37,77.7,-74.12485500000001,44.904666999999996
41430,3053583,ND,Brady Wind I,2016.0,80,137.2,-102.75688199999999,46.653385
41451,3053606,MO,Osborn,2016.0,88,184.8,-94.47040600000001,39.887485999999996
41496,3053677,IL,Kelly Creek,2016.0,92,184.0,-88.174728,41.015202
41541,3053723,TX,Broadview Energy JN LLC,2017.0,36,82.8,-103.024734,34.783004999999996
41603,3053798,NM,Broadview Energy KW LLC,2017.0,62,142.6,-103.149315,34.77626
41664,3053866,TX,Cotton Plains Wind,2017.0,21,50.4,-101.24408000000001,33.950866999999995
41684,3053886,TX,Old Settler Wind,2017.0,63,151.2,-101.183174,33.995281
41752,3053954,TX,Salt Fork,2016.0,87,174.0,-100.924118,35.155449
41761,3053963,TX,Route 66,2015.0,75,150.0,-101.511871,35.214484999999996
41762,3053964,TX,Wake,2016.0,150,257.25,-101.09787800000001,33.878002
41785,3053987,MT,Greenfield Wind Farm,2016.0,13,29.9,-111.928802,47.717407
41845,3054047,TX,Bethel,2017.0,120,276.0,-102.482887,34.645046
41867,3054069,TX,South Plains II,2016.0,91,300.3,-101.42315699999999,34.25219
41921,3054123,OK,Rush Springs Wind Energy Center,2016.0,120,249.0,-97.916267,34.758907
42033,3054237,OK,Chisholm View II,2016.0,27,64.8,-97.645302,36.599407
42095,3054299,TX,Javelina,2015.0,11,19.69,-99.004997,27.394468
42259,3054485,TX,San Roman,2016.0,31,93.0,-97.393951,26.092829000000002
42280,3054506,UT,Tooele Army Depot II,2016.0,1,1.79,-112.369781,40.501865
42306,3054532,CO,Carousel,2015.0,88,149.6,-102.057373,39.367523
42321,3054547,TX,Logan's Gap Wind,2015.0,87,200.1,-98.757011,31.895374
42415,3054641,AZ,Red Horse 2,2015.0,15,30.0,-110.08613600000001,32.306835
42446,3054672,TX,Shannon,2015.0,119,204.09,-98.387375,33.537125
42706,3054944,TX,Horse Creek Wind,2016.0,100,230.0,-99.532021,33.425616999999995
42822,3055060,TX,Electra Wind,2016.0,100,230.0,-99.123222,34.149723
43039,3055277,OR,Benson Creek,2017.0,5,10.0,-117.27943400000001,44.423640999999996
43041,3055279,OR,Jett Creek,2017.0,5,10.0,-117.27428400000001,44.425358
43046,3055284,OR,Prospector,2017.0,5,10.0,-117.259293,44.415141999999996
43050,3055288,OR,Durbin Creek,2017.0,5,10.0,-117.330193,44.351841
43071,3055310,OK,Drift Sand,2016.0,54,108.0,-97.963364,34.846581
43193,3055456,OK,Grant Plains,2016.0,64,147.2,-97.667946,36.950394
43288,3055555,TX,Tyler Bluff,2016.0,52,125.58,-97.41229200000001,33.723984
43337,3055604,OK,Bluestem,2016.0,60,198.0,-100.608391,36.505203
43401,3055670,TX,Sendero,2015.0,39,78.0,-98.958923,27.135103000000004
43578,3055849,OK,Frontier I,2016.0,56,184.8,-97.249397,36.835659
43758,3056057,ND,Brady Wind II,2016.0,65,136.5,-102.7882,46.611507
43788,3056091,MI,Pinnebog,2016.0,30,51.0,-83.11640899999999,43.840965000000004
43801,3056119,MN,South Fork,2016.0,6,13.8,-95.399506,43.599777
43803,3056122,NE,Central Community College-Hastings,2016.0,1,1.7,-98.334496,40.569241
43973,3056332,KS,Western Plains,2017.0,122,280.6,-99.640793,37.909420000000004
44034,3056439,NY,Seneca Nation,2017.0,1,1.5,-79.102692,42.580894
44275,3056813,ND,Oliver III,2017.0,43,90.3,-101.14411199999999,46.952438
44563,3057158,OK,Great Western,2016.0,63,126.0,-99.643661,36.146133
44659,3057256,OR,Chopin,2016.0,6,9.9,-118.47426599999999,45.894127000000005
44732,3057329,WY,Pioneer Wind Park,2016.0,46,85.1,-105.856232,42.714344
44881,3057483,OK,Minco IV,2018.0,29,66.7,-98.25664599999999,35.395239000000004
45129,3057735,TX,Javelina II,2016.0,91,182.0,-98.918991,27.521703999999996
45203,3058886,NY,Fenner Wind Power Project - Repower,2012.0,1,1.5,-75.767876,42.975516999999996
45263,3060825,TX,Chapman Ranch,2017.0,81,249.075,-97.517326,27.581093
45283,3060851,IA,August Wind Energy LLC,2017.0,1,1.79,-94.47563199999999,40.764946
45284,3060852,KS,Bloom,2017.0,54,178.2,-99.926682,37.494019
45298,3060871,MI,Big Turtle II,2016.0,14,29.4,-82.81003299999999,43.93367
45326,3060936,ME,Pisgah Mountain,2016.0,5,9.0,-68.524231,44.780083000000005
45397,3061027,RI,WED Coventry 5,2017.0,1,1.5,-71.699883,41.659915999999996
45422,3061063,IA,Roseman Energy LLC,2017.0,1,1.79,-94.753922,41.373135
45576,3061249,IA,Neppel Wind Power Project,2004.0,1,1.5,-94.579018,43.401993
45589,3061265,IA,Birch Power LLC,2017.0,1,1.79,-94.474396,40.767693
45707,3061467,TX,Callahan Divide,2005.0,76,114.0,-99.98509200000001,32.343994
45712,3061497,TX,Rocksprings,2017.0,53,121.9,-100.720589,29.794533
45714,3061526,TX,Amazon Wind Farm Texas,2017.0,110,253.0,-101.028061,32.911335
45731,3061589,CA,Teichert Aggregates,2010.0,1,1.5,-121.35656000000002,37.616653
45737,3061601,CO,NREL - NWTC,2011.0,6,7.1,-105.22703600000001,39.905066999999995
45749,3061701,IL,GobNob,2009.0,1,0.9,-89.62859300000001,39.438492
45765,3061794,KS,BTI Wind,2010.0,2,0.068,-99.269791,37.606895
45766,3061796,NM,El Cabo,2017.0,142,298.2,-105.703667,34.668777
45768,3061820,CA,Brookfield Tehachapi 3,2004.0,9,13.5,-118.32202099999999,35.057533
45830,3062259,SD,Rosebud Sioux,2003.0,1,0.75,-100.578491,43.002693
45848,3062472,IL,Turbine EVE,2012.0,1,2.5,-89.245003,41.637596
45862,3062554,UT,Tooele Army Depot I,2009.0,1,1.5,-112.37728899999999,40.500694
45872,3062611,MN,Federated Rural Electric,2008.0,1,2.1,-94.591995,43.676792
45917,3062809,IA,Eldora-New Providence Schools,2002.0,1,0.75,-93.115601,42.354755
45923,3062843,TX,Red Canyon Wind Energy,2006.0,56,84.0,-101.245094,32.964596
45938,3062900,CA,San Gorgonio Wind Associates 7,1986.0,2,1.32,-116.58708999999999,33.922096
45946,3062945,MN,Norgaard,2006.0,7,8.75,-96.33139,44.315391999999996
45966,3063030,KS,FHSU Wind,2013.0,1,4.0,-99.405693,38.873894
45993,3063189,IA,Victory(Carroll),2006.0,52,83.2,-95.09639,42.155293
45995,3063198,NC,Appalachian State,2009.0,1,0.1,-81.692207,36.213485999999996
46005,3063233,OK,Redbed Plains,2017.0,31,65.1,-97.90786700000001,35.311619
46014,3063251,MO,Rock Creek,2017.0,150,300.0,-95.218796,40.42453
46082,3063377,NM,Sterling Phase I,2017.0,13,29.9,-103.251701,33.377609
46199,3063607,GU,Guam Power Authority Wind Turbine,2016.0,1,0.275,144.722656,13.389381
46200,3063701,PR,Santa Isabel,2012.0,44,101.2,-66.422234,17.992241
46205,3064510,AK,Klondike I,2001.0,16,24.0,-149.432159,60.126121999999995
46211,3064579,IL,Radford's Run,2017.0,139,305.8,-88.970543,40.050090999999995
46236,3064753,MI,Mackinaw City,2001.0,2,1.8,-84.74157,45.761798999999996
46238,3064787,MN,Westridge,2003.0,18,17.1,-96.09335300000001,44.050907
46376,3064944,NE,Creston Ridge Expansion,2017.0,3,6.9,-97.396461,41.676373
46510,3065457,TX,Willow Springs Wind Farm,2017.0,100,250.0,-99.640465,33.389216999999995
46515,3065462,TX,Santa Rita,2018.0,120,300.0,-101.31869499999999,31.149933
46524,3065472,TX,Fluvanna I,2017.0,74,155.4,-101.05117,32.875221
46542,3065490,TX,Buckthorn,2017.0,26,89.7,-98.41699200000001,32.376484000000005
46559,3065514,WA,Hopkins Ridge I,2005.0,83,149.4,-117.785072,46.42329
46561,3065520,WA,Windy Point Iia,2009.0,26,59.8,-120.885971,45.698986
46563,3065535,WI,Quilt Block,2017.0,49,98.0,-90.199997,42.693687
46566,3065539,TX,Horse Hollow III,2006.0,149,223.5,-100.275261,32.302761
46568,3065542,TX,Horse Hollow Wind Energy Center,2005.0,140,210.0,-99.996437,32.209396000000005
46596,3065609,IA,Prairie,2017.0,82,164.0,-92.60784100000001,41.41835
46641,3065745,TX,Horse Hollow II,2006.0,80,184.0,-100.00071,32.176871999999996
46672,3065841,VT,Deerfield Wind,2017.0,7,14.0,-72.967049,42.846889000000004
46902,3066596,IN,Bluff Point,2017.0,57,119.7,-85.016289,40.317436
46963,3066747,TX,Horse Hollow Expansion,2005.0,140,210.0,-100.02362099999999,32.243373999999996
47142,3067260,CA,Scheid Vineyards,2017.0,1,1.85,-121.191589,36.274509
47179,3067331,MN,Hometown WindPower North St. Paul,2010.0,1,0.16,-92.99838299999999,45.011433000000004
47195,3067427,NE,Pine Ridge Job Corp,2010.0,1,0.1,-102.983292,42.679728999999995
47206,3067493,CA,Dinosaur Point,1988.0,1,0.1,-121.187151,37.040824
47470,3067881,KS,Cloud County Community College,2010.0,2,0.2,-97.663795,39.548813
47497,3067914,ND,Sacred Heart Monestary,1997.0,2,0.2,-102.346581,46.896454
47498,3067915,AR,Bitworks,2003.0,1,0.1,-94.334,35.976391
47505,3067923,MN,Lac qui Parle Valley School,1997.0,1,0.23,-96.056167,45.073415999999995
47508,3067930,IA,IDGWP,1998.0,3,2.25,-94.140846,43.034908
47510,3067933,MN,Woodstock,1999.0,17,10.2,-96.082291,43.990063
47686,3068142,MN,Great River Energy Headquarters,2008.0,1,0.225,-93.435242,45.09507
47687,3068143,MN,Hometown WindPower Chaska,2010.0,1,0.16,-93.579567,44.821636
47688,3068144,MN,Hometown WindPower Shakopee,2010.0,1,0.16,-93.499779,44.799507
47739,3068372,NM,Llano Estacado Wind Ranch at Texico,1999.0,1,0.66,-103.056976,34.360141999999996
47740,3068377,NE,Omaha Public,2001.0,1,0.66,-96.37529,41.331379
47743,3068382,MN,Hometown WindPower Anoka,2010.0,1,0.16,-93.38369,45.22728
47744,3068383,WY,Foote Creek Rim I,1999.0,69,41.4,-106.20293400000001,41.634426
47745,3068385,WY,Foote Creek 3,1999.0,33,24.75,-106.185822,41.662102000000004
47751,3068391,WY,Foote Creek Rim II,1999.0,3,1.8,-106.18927,41.65749
47893,3068611,WI,Montfort Wind Farm,2001.0,20,30.0,-90.41372700000001,42.962353
47954,3068682,CO,Ponnequin (EUI),1999.0,7,5.1,-104.81102800000001,40.998688
48014,3068753,WY,Rock River I,2001.0,50,50.0,-106.134956,41.718716
48073,3068841,MN,Lincoln County,2003.0,1,0.9,-96.450485,44.524673
48074,3068842,MN,Farmer's,2004.0,6,5.7,-95.38428499999999,43.651352
48090,3068859,MN,Lakota Wind,2005.0,2,1.9,-94.44929499999999,43.571712
48244,3069111,IA,Sibley Wind Farm,1997.0,2,1.2,-95.649292,43.408596
48246,3069119,MN,Chanarambie,2003.0,57,85.5,-96.027901,43.995319
48247,3069120,MN,Viking,2003.0,8,12.0,-96.008286,43.970428000000005
48270,3069149,OK,OK Wind Energy Center(mooreland),2003.0,68,102.0,-99.320305,36.602123
48509,3069428,IL,Illinois Rural Electric Cooperative,2005.0,1,1.65,-90.846191,39.618793
48591,3069567,IA,Wind GEM,2015.0,1,1.85,-94.339256,41.469986
48635,3069642,RI,Hodges Badge,2012.0,1,0.25,-71.254944,41.566421999999996
48650,3069713,CA,EDF Renewable V,1990.0,78,16.2,-121.838972,38.145765999999995
48726,3069804,IL,Erie Community School District 1,2008.0,1,1.2,-90.079185,41.647644
48737,3069816,MN,St. Olaf College,2006.0,1,1.65,-93.192368,44.462383
48738,3069817,MN,Hometown WindPower Faribault,2010.0,1,0.16,-93.291763,44.335976
48770,3069854,MN,Mountain Lake Wind,2007.0,1,1.25,-94.943382,43.940548
48927,3070204,AK,St. Paul Island I,1999.0,1,0.225,-170.235947,57.157486
48943,3070224,IA,Top of Iowa II,2008.0,40,80.0,-93.309448,43.366508
48980,3070274,KS,Spearville I,2006.0,67,100.5,-99.707291,37.875694
49130,3070434,SD,City of Howard Wind Turbines,2001.0,2,0.21600000000000003,-97.53942099999999,44.009567
49131,3070435,SD,Carthage Wind Turbine,2002.0,1,0.10800000000000001,-97.740433,44.169022
49134,3070438,IL,Sherrard High School,2009.0,1,0.66,-90.52822900000001,41.344524
49271,3070809,IA,Cannon 1,2009.0,1,0.95,-92.368904,42.73275
49276,3070814,IA,Wall Lake Municipal Utilities,2003.0,1,0.66,-95.094162,42.281982
49322,3070865,IL,Pigeon Creek,2009.0,1,0.9,-91.192268,39.833282000000004
49404,3071041,IA,Spirit Lake,2001.0,2,1.0,-95.099014,43.411377
49487,3071132,MI,Mackinaw City (Bay Windpower I),2001.0,2,1.8,-84.738312,45.761806
49490,3071135,OK,High Plains Tech Center,2010.0,1,0.1,-99.42819200000001,36.406456
49522,3071168,WY,Seven Mile Hill I,2008.0,65,97.5,-106.416,41.962364
49541,3071197,TX,Mountain Peak Special Utility District,2010.0,1,0.1,-97.024254,32.421448
49542,3071198,MD,Crisfield Waste Water Treatment Plant,2017.0,1,0.75,-75.85838299999999,37.982826
49543,3071199,MD,Talbot County DPW,2010.0,3,0.3,-76.033745,38.818405
49546,3071203,MN,Hometown WindPower Buffalo,2010.0,1,0.16,-93.835236,45.185966
49551,3071213,MN,Wing River Wind,2007.0,1,2.5,-95.116104,46.343666
49556,3071218,IL,Other World Computing,2009.0,1,0.5,-88.417328,42.28112
49565,3071228,MN,Hometown WindPower East Grand Forks,2010.0,1,0.16,-96.987137,47.937672
49567,3071230,ME,GSA,2010.0,2,0.2,-70.396263,45.80381
49571,3071234,IL,Porta High School,2009.0,1,0.6,-89.863617,40.016723999999996
49573,3071236,MN,Hometown WindPower Arlington,2010.0,1,0.16,-94.06489599999999,44.612823
49654,3071374,MN,DH Blattner Headquarters,2009.0,1,0.1,-94.44567099999999,45.59433
49655,3071375,MN,Hometown WindPower Olivia,2010.0,1,0.16,-94.998665,44.77771
49656,3071376,MN,Hometown WindPower Winthrop,2010.0,1,0.16,-94.35990100000001,44.537867999999996
49657,3071377,MN,Hometown WindPower Brownton,2010.0,1,0.16,-94.342155,44.733486
49658,3071382,OH,TJ Automation,2010.0,1,0.1,-84.30851,41.459095
49675,3071410,OH,Boyce Dairy Farm,2010.0,1,0.1,-81.04547099999999,40.868603
49694,3071432,OH,Upper Scioto Valley School,2009.0,2,0.2,-83.78804000000001,40.690369
49696,3071434,NE,Lincoln Wind Energy Facility,1998.0,1,0.66,-96.623299,40.904003
49704,3071442,OH,Three D Metals Corporation,2009.0,1,0.1,-81.883057,41.248146000000006
50074,3072052,WY,BLM-JCI,2010.0,1,0.1,-107.241638,41.797478000000005
50082,3072067,IA,New London,2011.0,1,1.5,-91.395172,40.954772999999996
50089,3072076,IL,Geneseo Wind Farm,2009.0,2,3.0,-90.15276300000001,41.426113
50198,3072368,HI,Lalamilo Wells Repowering,2017.0,5,3.3,-155.765228,19.986007999999998
50233,3072509,OR,Doerfler Farms,2011.0,1,0.25,-122.80686999999999,44.867569
50234,3072510,MT,Martinsdale Colony South,2007.0,8,2.0,-110.27179699999999,46.495686
50237,3072513,MT,Martinsdale Wind Farm,2005.0,11,0.715,-110.27179699999999,46.498965999999996
50265,3072551,WY,Medicine Bow,1999.0,5,3.55,-106.243797,41.836849
50268,3072556,NY,Half Hollow Nursery,2010.0,1,0.1,-72.570854,40.969059
50283,3072575,MN,Olsen Farms,2001.0,2,1.5,-96.340096,43.894535
50299,3072604,OH,Hasslebach Meats,2010.0,1,0.1,-82.572746,41.389515
50300,3072605,OH,Margaretta Elementary School,2010.0,1,0.1,-82.787132,41.396343
50301,3072606,OH,Huron Schools,2010.0,1,0.1,-82.58557900000001,41.40416
50302,3072607,OH,Bellevue High School,2010.0,1,0.1,-82.84603100000001,41.282416999999995
50303,3072608,IL,MUTI,2010.0,1,0.1,-88.29142,40.1502
50304,3072609,IL,Arends Brothers,2009.0,1,0.1,-88.02977,39.531310999999995
50370,3072717,PR,Punta Lima,2012.0,13,23.4,-65.69686899999999,18.196068
50377,3072724,PR,Ft Buchanan Energy Savings Performance Con,2013.0,3,0.825,-66.11595200000001,18.407097
50423,3072773,IN,Randolph Eastern School Corporation,2010.0,1,1.0,-84.82208299999999,40.210266
50426,3072781,OH,Byers Auto,2010.0,1,0.1,-83.082306,40.110752000000005
50454,3072859,CA,McEvoy Ranch,2009.0,1,0.225,-122.679672,38.15757
50458,3072863,CA,Tehachapi Hills (85A),1985.0,157,14.13,-118.33753999999999,35.100857
50935,3073447,CA,Windridge Wind Farm,1984.0,41,4.1,-118.395665,35.093971999999994
50976,3073488,CT,Phoenix Press,2010.0,1,0.1,-72.90193199999999,41.301204999999996
50977,3073495,IA,Burco Farm & Feed,2010.0,1,0.1,-91.887505,42.563808
50979,3073502,OR,Lime Wind,2011.0,6,3.0,-117.272232,44.397372999999995
51118,3073704,MT,Two Dot wind farm,2005.0,7,0.455,-110.093216,46.444416
51134,3073750,NY,New York State Thruway Authority,2015.0,4,1.1,-79.309692,42.460438
51180,3073971,UT,Camp Williams,2000.0,1,0.225,-111.92005900000001,40.439678
51238,3074119,WI,Wausau High School,2009.0,1,0.1,-89.596634,44.979424
51242,3074133,CA,San Clemente Island,1998.0,3,0.675,-118.55278,32.987331
51333,3074349,IL,Big Windy,2009.0,1,0.10800000000000001,-87.865189,41.955463
51351,3074414,IL,Richland Community College,2009.0,1,0.1,-88.895363,39.88662
51354,3074425,IN,North Newton School Corporation,2012.0,1,0.9,-87.42627,41.032585
51441,3074520,IA,Waverly III (Skeets 4),2001.0,1,0.9,-92.43875899999999,42.762283000000004
51505,3074606,MN,Hilltop Power,2009.0,1,2.0,-96.193085,43.9128
51508,3074626,OH,NEXGEN,2010.0,1,0.1,-82.64321899999999,40.763767
51534,3074664,PA,Mill Run Wind,2001.0,10,15.0,-79.385574,39.929733
51544,3075129,CO,Twin Buttes II,2017.0,30,63.0,-102.57038100000001,37.770271
51591,3075273,IA,Century,2005.0,100,150.0,-93.65812700000001,42.587016999999996
51619,3075339,ME,Canton Mountain,2017.0,8,22.8,-70.300888,44.520934999999994
51620,3075341,MA,Otis Wind Energy Project,2017.0,1,1.5,-73.025764,42.225765
51622,3075344,MI,Apple Blossom,2017.0,29,100.05,-83.29293100000001,43.835297
51623,3075352,MN,Eolos,2011.0,1,2.5,-93.048073,44.728297999999995
51624,3075362,MN,Red Pine,2017.0,50,100.0,-96.13619200000001,44.435398
51626,3075366,MT,Big Timber,2018.0,14,25.0,-109.64971200000001,45.85334
51649,3075455,NY,Arkwright Summit,2018.0,32,70.4,-79.217438,42.390696999999996
51685,3075491,NY,Copenhagen,2018.0,40,80.0,-75.59058399999999,43.870121000000005
51695,3075510,OK,Thunder Ranch,2017.0,109,272.5,-97.096985,36.566204
51777,3075669,TX,Bruenning's Breeze,2017.0,76,228.0,-97.63327,26.512567999999998
51778,3075672,TX,Rattlesnake Wind,2018.0,64,160.0,-99.53585799999999,31.236908000000003
51801,3075770,TX,Flat Top,2018.0,100,200.0,-98.560692,31.603025
51895,3075934,CA,Tule,2018.0,57,131.1,-116.255173,32.729149
51898,3075938,OK,Red Dirt,2017.0,95,299.25,-97.749252,36.034832
51906,3075953,IA,Intrepid,2004.0,106,159.0,-95.35348499999999,42.58189
51909,3075961,IA,Prairie II,2018.0,2,4.0,-92.701714,41.485237
51910,3075966,OH,Hog Creek,2017.0,30,66.0,-83.710747,40.803894
51911,3075974,TX,Sweetwater,2003.0,25,37.5,-100.32869699999999,32.367615
51914,3075978,OK,Rock Falls,2017.0,51,133.875,-97.468712,36.923728999999994
51928,3076010,IA,Beaver Creek,2017.0,85,170.0,-94.172119,42.105156
51939,3076041,NE,Cottonwood Wind,2017.0,36,82.8,-98.370377,40.260502
51950,3076077,CA,Golden Hills North,2017.0,20,46.0,-121.666306,37.782238
51970,3076120,TX,Sweetwater Phase II,2005.0,52,84.24,-100.38419300000001,32.364651
52020,3076250,TX,Capricorn Ridge expansion,2008.0,124,186.0,-100.93445600000001,31.907821999999996
52303,3077042,MA,Ipswich,2011.0,1,1.6,-70.841103,42.716091
52628,3077950,TX,Capricorn Ridge,2007.0,64,147.2,-100.87688399999999,31.907974
52691,3078130,ID,Thousand Springs,2011.0,8,12.0,-114.96680500000001,42.873470000000005
52792,3078322,IN,Meadow Lake V,2017.0,50,100.0,-87.043182,40.701405
52878,3078483,TX,Bearkat I,2017.0,57,196.65,-101.626198,31.753767
52888,3078562,MI,Cross Winds Energy Park II,2018.0,19,43.7,-83.410088,43.651534999999996
53145,3079977,RI,WED Portsmouth 1,2016.0,1,1.5,-71.25131999999999,41.614353
53175,3080119,IL,Bishop Hill III,2018.0,51,127.5,-90.298843,41.154964
53444,3081135,OH,Whirlpool Corp. Ottawa Wind Farm,2017.0,1,1.5,-84.033714,41.002811
53515,3081786,CO,Rush Creek I,2018.0,200,400.0,-103.93463100000001,39.128017
53528,3081803,TX,Cactus Flats,2018.0,43,148.35,-100.06139399999999,31.091821999999997
53569,3081871,OH,Whirlpool Corp. Marion Wind Farm,2017.0,3,4.5,-83.182312,40.591534
53587,3081898,CA,California State Prison Los Angeles County,2017.0,1,1.85,-118.22159599999999,34.691982
53641,3081994,IA,Green Energy Machine,2016.0,1,1.79,-94.75350999999999,41.37022
53731,3082145,NE,Upstream,2018.0,81,202.5,-98.170692,42.232890999999995
53739,3082154,OK,Persimmon Creek I,2018.0,73,182.5,-99.272339,36.157589
53748,3082172,NE,City of Seward,2017.0,1,1.7,-97.187469,40.895187
53820,3082283,TX,Exelon Wind 11,2009.0,8,10.0,-101.989929,35.808182
54029,3083487,MN,Stoneray,2018.0,13,34.125,-96.099426,43.997768
54036,3083499,NE,Rattlesnake Creek,2018.0,101,318.15,-96.80941,42.407092999999996
54052,3083516,OH,Northwest Ohio,2018.0,42,105.0,-84.64202900000001,41.029877
54073,3083551,TX,UL Advanced Wind Turbine Test Facility,2018.0,1,3.57,-101.78989399999999,34.969848999999996
54078,3083565,NE,Kimball Wind Farm,2018.0,12,30.0,-103.7118,41.305714
54111,3083608,KS,Diamond Vista,2018.0,95,299.25,-97.338112,38.593498
54184,3083722,MN,Stoneray II,2019.0,21,55.125,-96.108879,44.068134
54278,3083853,AK,St. Mary's Wind Turbine,2019.0,1,0.9,-163.250778,62.034767
54629,3084375,TX,Desert Sky,2001.0,86,129.0,-102.090294,30.937096
54631,3084378,TX,Trent Mesa,2001.0,83,124.5,-100.191505,32.429028
54932,3085838,TX,King Mtn. Wind Ranch,2001.0,167,217.1,-102.13723,31.235382
55087,3086021,CO,Rush Creek II,2018.0,100,200.0,-103.211197,39.121086
55091,3086025,TX,Tahoka Wind,2018.0,120,300.0,-101.633575,33.14502
55110,3086045,IA,Beaver Creek II,2018.0,85,170.0,-94.293022,42.162234999999995
55114,3086050,TX,Blue Cloud I,2018.0,43,148.35,-102.608643,34.047371000000005
55122,3086060,IA,North English,2018.0,100,200.0,-92.494247,41.572483
55124,3086062,MT,Stillwater Big Sky,2018.0,5,11.5,-109.527351,45.829777
55153,3086098,ND,New Frontier,2018.0,29,100.05,-100.88091999999999,47.867474
55227,3086193,ND,Thunder Spirit II,2018.0,16,48.0,-102.54858399999999,46.064766
55230,3086197,IL,Walnut Ridge,2018.0,106,212.0,-89.63343,41.494576
55253,3086225,TX,Stella,2018.0,67,201.0,-97.712959,26.96586
55269,3086242,NE,Perennial Wind,2018.0,3,6.9,-97.6427,40.631865999999995
55314,3086293,NM,Casa Mesa,2018.0,19,47.5,-103.962997,34.617668
55384,3086372,OH,Valfilm Wind,2018.0,2,3.0,-83.643967,41.082603000000006
55561,3086608,IA,Upland Prairie,2019.0,105,262.5,-95.333389,43.107215999999994
55563,3086610,SD,Brule County Wind,2018.0,9,20.7,-98.919088,43.720032
55567,3086618,NM,New Mexico Wind Energy Center,2003.0,136,204.0,-104.086433,34.557774
55573,3086627,SD,Aurora County Wind,2018.0,9,20.7,-98.765915,43.717918
55593,3086657,MI,Pine River,2019.0,6,13.8,-84.63915300000001,43.469364
55604,3086672,IN,Meadow Lake VI,2018.0,49,176.4,-87.114212,40.656985999999996
55746,3086929,TX,Trent Mesa Repower,2001.0,14,23.8,-100.155165,32.426593
55831,3087081,KS,Pratt Wind Energy Center,2018.0,98,225.4,-98.914406,37.521988
55892,3087222,TX,Wildcat Ranch,2018.0,6,10.29,-102.928032,33.499939000000005
55910,3087242,TX,Lorenzo Winds,2018.0,32,73.6,-101.489937,33.698906
55918,3087253,CA,Voyager II,2018.0,48,172.8,-118.27204099999999,35.073523
55999,3087346,IA,Arbor Hill,2018.0,125,250.0,-94.42349200000001,41.469212
56009,3087357,IL,HillTopper,2018.0,74,185.0,-89.342102,39.962765000000005
56029,3087378,IA,Turtle Creek,2018.0,40,144.0,-92.82814,43.45348
56397,3087796,OK,Armadillo Flats,2018.0,57,102.03,-97.601158,36.265926
56398,3087797,IA,Saratoga,2019.0,33,66.0,-92.322388,43.355869
56428,3087838,CA,Salinas Valley State Prison,2018.0,1,1.7,-121.37075,36.474236
56456,3087872,MN,Palmer's Creek,2018.0,16,40.0,-95.553055,44.874103999999996
56458,3087875,TX,Blue Summit II,2018.0,37,92.5,-99.480423,34.247562
56461,3087879,IA,Ivester,2018.0,35,90.825,-92.991577,42.334564
56643,3088151,TX,Desert Sky Repower,2001.0,18,33.3,-102.084595,30.913857
56720,3088261,CA,Correctional Training Facility,2018.0,1,1.7,-121.381569,36.466167
56767,3088326,CA,Nestle Waters II,2018.0,1,1.85,-116.753097,33.911694
56913,3088552,AK,Bethel Wind Turbine,2018.0,1,0.9,-161.884452,60.781362
56950,3088604,TX,Live Oak,2018.0,76,199.5,-100.683861,31.031121999999996
56954,3088608,IL,Mendota Hills Repowering,2019.0,29,76.125,-89.05524399999999,41.700886
56959,3088613,TX,Torrecillas,2018.0,120,300.0,-98.74073800000001,27.619425
56995,3088651,IA,Orient I,2018.0,51,102.0,-94.58315999999999,41.162628000000005
57011,3088667,IA,English Farms,2019.0,58,145.0,-92.414406,41.546638
57032,3088689,IA,Heartland Divide,2018.0,38,95.0,-94.868713,41.751469
57482,3089169,RI,WED Shun III,2018.0,1,3.0,-71.54933199999999,41.799068
57666,3089365,MN,Woodstock Hills Repower,2018.0,4,9.2,-96.07521,43.991058
57668,3089367,RI,WED Shun II,2018.0,1,3.0,-71.536224,41.800133
57682,3089381,RI,WED Shun I,2018.0,1,3.0,-71.54066,41.79845
57698,3089399,RI,WED Plainfield III,2018.0,1,3.0,-71.53062299999999,41.793527000000005
57797,3089507,RI,WED Green Hill,2018.0,1,3.0,-71.529739,41.797844
57812,3089522,MA,Nantucket High School,2010.0,1,0.1,-70.097771,41.272141999999995
57947,3089668,RI,WED Plainfield,2018.0,1,3.0,-71.53582800000001,41.79607
57974,3089696,RI,WED Plainfield II,2018.0,1,3.0,-71.539964,41.794581
58131,3089883,MN,Trondhjem (Wind-Solar Hybrid),2018.0,1,2.0,-96.161751,46.506741
58211,3090041,MN,St. Cloud VA Medical Center,2011.0,1,0.6,-94.208274,45.577093
58345,3090335,OH,Whirlpool Corp. Greenville Wind Farm,2018.0,3,4.5,-84.608215,40.127793
58398,3090400,TX,Woodward Mountain I & II,2001.0,113,74.58,-102.37249,30.954096000000003
58589,3090592,TX,Indian Mesa,2001.0,124,81.84,-102.22129100000001,30.959595
58812,3090827,IA,Charles City,2008.0,50,75.0,-92.766891,43.064293
58862,3090877,ND,Langdon,2007.0,37,59.94,-98.299988,48.689892
58940,3090955,ND,Langdon II,2008.0,27,43.74,-98.379288,48.605793
58994,3091010,OK,Elk City II,2010.0,18,29.16,-99.772194,35.470394
