,Year,Cents per KwH,CPI Value,Real Price,State
0,2018,9.7,250.5,6.86,AL
1,2017,9.83,245.1,7.1,AL
2,2016,9.56,240.0,7.05,AL
3,2015,9.33,237.0,6.97,AL
4,2014,9.27,236.7,6.94,AL
5,2013,9.02,233.0,6.86,AL
6,2012,9.18,229.6,7.08,AL
7,2011,9.1,224.9,7.17,AL
8,2010,8.89,218.1,7.22,AL
9,2009,8.83,214.5,7.29,AL
10,2008,8.59,215.3,7.07,AL
11,2007,7.57,207.3,6.47,AL
12,2006,7.07,201.6,6.21,AL
13,2005,6.46,195.3,5.86,AL
14,2004,6.08,188.9,5.7,AL
15,2003,5.88,184.0,5.66,AL
16,2002,5.71,179.9,5.62,AL
17,2001,5.6,177.1,5.6,AL
0,2018,19.64,250.5,13.89,AK
1,2017,19.1,245.1,13.8,AK
2,2016,17.93,240.0,13.23,AK
3,2015,17.59,237.0,13.14,AK
4,2014,17.46,236.7,13.06,AK
5,2013,16.49,233.0,12.53,AK
6,2012,16.33,229.6,12.6,AK
7,2011,16.08,224.9,12.66,AK
8,2010,14.76,218.1,11.99,AK
9,2009,15.09,214.5,12.46,AK
10,2008,14.74,215.3,12.12,AK
11,2007,13.28,207.3,11.35,AK
12,2006,12.84,201.6,11.28,AK
13,2005,11.72,195.3,10.63,AK
14,2004,10.99,188.9,10.3,AK
15,2003,10.5,184.0,10.11,AK
16,2002,10.46,179.9,10.3,AK
17,2001,10.54,177.1,10.54,AK
0,2018,10.95,250.5,7.74,AZ
1,2017,10.64,245.1,7.69,AZ
2,2016,10.33,240.0,7.62,AZ
3,2015,10.34,237.0,7.73,AZ
4,2014,10.18,236.7,7.62,AZ
5,2013,10.14,233.0,7.71,AZ
6,2012,9.81,229.6,7.57,AZ
7,2011,9.71,224.9,7.65,AZ
8,2010,9.69,218.1,7.87,AZ
9,2009,9.56,214.5,7.89,AZ
10,2008,9.11,215.3,7.49,AZ
11,2007,8.54,207.3,7.3,AZ
12,2006,8.24,201.6,7.24,AZ
13,2005,7.79,195.3,7.06,AZ
14,2004,7.45,188.9,6.98,AZ
15,2003,7.34,184.0,7.06,AZ
16,2002,7.21,179.9,7.1,AZ
17,2001,7.27,177.1,7.27,AZ
0,2018,7.69,250.5,5.44,AR
1,2017,8.26,245.1,5.97,AR
2,2016,8.13,240.0,6.0,AR
3,2015,8.19,237.0,6.12,AR
4,2014,7.9,236.7,5.91,AR
5,2013,7.93,233.0,6.03,AR
6,2012,7.62,229.6,5.88,AR
7,2011,7.43,224.9,5.85,AR
8,2010,7.28,218.1,5.91,AR
9,2009,7.57,214.5,6.25,AR
10,2008,7.6,215.3,6.25,AR
11,2007,6.96,207.3,5.95,AR
12,2006,6.99,201.6,6.14,AR
13,2005,6.3,195.3,5.71,AR
14,2004,5.67,188.9,5.32,AR
15,2003,5.57,184.0,5.36,AR
16,2002,5.61,179.9,5.52,AR
17,2001,6.05,177.1,6.05,AR
0,2018,16.7,250.5,11.81,CA
1,2017,16.06,245.1,11.6,CA
2,2016,15.23,240.0,11.24,CA
3,2015,15.42,237.0,11.52,CA
4,2014,15.15,236.7,11.34,CA
5,2013,14.3,233.0,10.87,CA
6,2012,13.53,229.6,10.44,CA
7,2011,13.05,224.9,10.28,CA
8,2010,13.01,218.1,10.56,CA
9,2009,13.24,214.5,10.93,CA
10,2008,12.49,215.3,10.27,CA
11,2007,12.8,207.3,10.94,CA
12,2006,12.82,201.6,11.26,CA
13,2005,11.63,195.3,10.55,CA
14,2004,11.35,188.9,10.64,CA
15,2003,11.78,184.0,11.34,CA
16,2002,12.19,179.9,12.0,CA
17,2001,11.22,177.1,11.22,CA
0,2018,9.99,250.5,7.06,CO
1,2017,9.99,245.1,7.22,CO
2,2016,9.83,240.0,7.25,CO
3,2015,9.94,237.0,7.43,CO
4,2014,10.06,236.7,7.53,CO
5,2013,9.88,233.0,7.51,CO
6,2012,9.39,229.6,7.24,CO
7,2011,9.39,224.9,7.39,CO
8,2010,9.15,218.1,7.43,CO
9,2009,8.31,214.5,6.86,CO
10,2008,8.59,215.3,7.07,CO
11,2007,7.76,207.3,6.63,CO
12,2006,7.61,201.6,6.69,CO
13,2005,7.64,195.3,6.93,CO
14,2004,6.95,188.9,6.52,CO
15,2003,6.77,184.0,6.52,CO
16,2002,6.0,179.9,5.91,CO
17,2001,6.02,177.1,6.02,CO
0,2018,18.46,250.5,13.05,CT
1,2017,17.55,245.1,12.68,CT
2,2016,17.24,240.0,12.72,CT
3,2015,17.77,237.0,13.28,CT
4,2014,17.05,236.7,12.76,CT
5,2013,15.66,233.0,11.9,CT
6,2012,15.54,229.6,11.99,CT
7,2011,16.35,224.9,12.87,CT
8,2010,17.38,218.1,14.11,CT
9,2009,18.07,214.5,14.92,CT
10,2008,17.8,215.3,14.64,CT
11,2007,16.45,207.3,14.05,CT
12,2006,14.83,201.6,13.03,CT
13,2005,12.06,195.3,10.94,CT
14,2004,10.26,188.9,9.62,CT
15,2003,10.16,184.0,9.78,CT
16,2002,9.71,179.9,9.56,CT
17,2001,9.62,177.1,9.62,CT
0,2018,10.61,250.5,7.5,DE
1,2017,10.9,245.1,7.88,DE
2,2016,11.09,240.0,8.18,DE
3,2015,11.17,237.0,8.35,DE
4,2014,11.22,236.7,8.39,DE
5,2013,10.9,233.0,8.28,DE
6,2012,11.06,229.6,8.53,DE
7,2011,11.48,224.9,9.04,DE
8,2010,11.97,218.1,9.72,DE
9,2009,12.2,214.5,10.07,DE
10,2008,12.38,215.3,10.18,DE
11,2007,11.35,207.3,9.7,DE
12,2006,10.13,201.6,8.9,DE
13,2005,7.76,195.3,7.04,DE
14,2004,7.53,188.9,7.06,DE
15,2003,6.96,184.0,6.7,DE
16,2002,6.91,179.9,6.8,DE
17,2001,6.8,177.1,6.8,DE
0,2018,10.43,250.5,7.37,FL
1,2017,10.42,245.1,7.53,FL
2,2016,9.91,240.0,7.31,FL
3,2015,10.49,237.0,7.84,FL
4,2014,10.77,236.7,8.06,FL
5,2013,10.22,233.0,7.77,FL
6,2012,10.44,229.6,8.05,FL
7,2011,10.61,224.9,8.35,FL
8,2010,10.58,218.1,8.59,FL
9,2009,11.49,214.5,9.49,FL
10,2008,10.74,215.3,8.83,FL
11,2007,10.33,207.3,8.83,FL
12,2006,10.45,201.6,9.18,FL
13,2005,8.76,195.3,7.94,FL
14,2004,8.16,188.9,7.65,FL
15,2003,7.72,184.0,7.43,FL
16,2002,7.31,179.9,7.2,FL
17,2001,7.67,177.1,7.67,FL
0,2018,9.52,250.5,6.73,GA
1,2017,9.83,245.1,7.1,GA
2,2016,9.59,240.0,7.08,GA
3,2015,9.62,237.0,7.19,GA
4,2014,10.03,236.7,7.5,GA
5,2013,9.69,233.0,7.37,GA
6,2012,9.37,229.6,7.23,GA
7,2011,9.61,224.9,7.57,GA
8,2010,8.87,218.1,7.2,GA
9,2009,8.81,214.5,7.27,GA
10,2008,8.84,215.3,7.27,GA
11,2007,7.86,207.3,6.71,GA
12,2006,7.63,201.6,6.7,GA
13,2005,7.43,195.3,6.74,GA
14,2004,6.58,188.9,6.17,GA
15,2003,6.32,184.0,6.08,GA
16,2002,6.24,179.9,6.14,GA
17,2001,6.39,177.1,6.39,GA
0,2018,29.22,250.5,20.66,HI
1,2017,26.05,245.1,18.82,HI
2,2016,23.87,240.0,17.61,HI
3,2015,26.17,237.0,19.56,HI
4,2014,33.43,236.7,25.01,HI
5,2013,33.26,233.0,25.28,HI
6,2012,34.04,229.6,26.26,HI
7,2011,31.59,224.9,24.88,HI
8,2010,25.12,218.1,20.4,HI
9,2009,21.21,214.5,17.51,HI
10,2008,29.2,215.3,24.02,HI
11,2007,21.29,207.3,18.19,HI
12,2006,20.72,201.6,18.2,HI
13,2005,18.33,195.3,16.62,HI
14,2004,15.7,188.9,14.72,HI
15,2003,14.47,184.0,13.93,HI
16,2002,13.39,179.9,13.18,HI
17,2001,14.05,177.1,14.05,HI
0,2018,8.2,250.5,5.8,ID
1,2017,8.26,245.1,5.97,ID
2,2016,8.08,240.0,5.96,ID
3,2015,8.09,237.0,6.05,ID
4,2014,7.93,236.7,5.93,ID
5,2013,7.57,233.0,5.75,ID
6,2012,6.92,229.6,5.34,ID
7,2011,6.44,224.9,5.07,ID
8,2010,6.54,218.1,5.31,ID
9,2009,6.51,214.5,5.37,ID
10,2008,5.69,215.3,4.68,ID
11,2007,5.07,207.3,4.33,ID
12,2006,4.92,201.6,4.32,ID
13,2005,5.12,195.3,4.64,ID
14,2004,4.97,188.9,4.66,ID
15,2003,5.22,184.0,5.02,ID
16,2002,5.58,179.9,5.49,ID
17,2001,4.92,177.1,4.92,ID
0,2018,9.46,250.5,6.69,IL
1,2017,9.49,245.1,6.86,IL
2,2016,9.38,240.0,6.92,IL
3,2015,9.4,237.0,7.02,IL
4,2014,9.36,236.7,7.0,IL
5,2013,8.26,233.0,6.28,IL
6,2012,8.4,229.6,6.48,IL
7,2011,8.97,224.9,7.06,IL
8,2010,9.13,218.1,7.41,IL
9,2009,9.15,214.5,7.55,IL
10,2008,9.23,215.3,7.59,IL
11,2007,8.46,207.3,7.23,IL
12,2006,7.07,201.6,6.21,IL
13,2005,6.95,195.3,6.3,IL
14,2004,6.8,188.9,6.38,IL
15,2003,6.86,184.0,6.6,IL
16,2002,6.94,179.9,6.83,IL
17,2001,6.9,177.1,6.9,IL
0,2018,9.6,250.5,6.79,IN
1,2017,9.77,245.1,7.06,IN
2,2016,9.22,240.0,6.8,IN
3,2015,8.99,237.0,6.72,IN
4,2014,9.06,236.7,6.78,IN
5,2013,8.73,233.0,6.64,IN
6,2012,8.29,229.6,6.39,IN
7,2011,8.01,224.9,6.31,IN
8,2010,7.67,218.1,6.23,IN
9,2009,7.62,214.5,6.29,IN
10,2008,7.09,215.3,5.83,IN
11,2007,6.5,207.3,5.55,IN
12,2006,6.46,201.6,5.67,IN
13,2005,5.88,195.3,5.33,IN
14,2004,5.58,188.9,5.23,IN
15,2003,5.37,184.0,5.17,IN
16,2002,5.34,179.9,5.26,IN
17,2001,5.3,177.1,5.3,IN
0,2018,9.14,250.5,6.46,IA
1,2017,8.73,245.1,6.31,IA
2,2016,8.55,240.0,6.31,IA
3,2015,8.35,237.0,6.24,IA
4,2014,8.15,236.7,6.1,IA
5,2013,8.07,233.0,6.13,IA
6,2012,7.71,229.6,5.95,IA
7,2011,7.56,224.9,5.95,IA
8,2010,7.66,218.1,6.22,IA
9,2009,7.37,214.5,6.08,IA
10,2008,6.89,215.3,5.67,IA
11,2007,6.83,207.3,5.83,IA
12,2006,7.01,201.6,6.16,IA
13,2005,6.69,195.3,6.07,IA
14,2004,6.4,188.9,6.0,IA
15,2003,6.11,184.0,5.88,IA
16,2002,6.01,179.9,5.92,IA
17,2001,6.14,177.1,6.14,IA
0,2018,10.57,250.5,7.47,KS
1,2017,10.6,245.1,7.66,KS
2,2016,10.49,240.0,7.74,KS
3,2015,10.14,237.0,7.58,KS
4,2014,10.16,236.7,7.6,KS
5,2013,9.72,233.0,7.39,KS
6,2012,9.33,229.6,7.2,KS
7,2011,8.89,224.9,7.0,KS
8,2010,8.35,218.1,6.78,KS
9,2009,7.98,214.5,6.59,KS
10,2008,7.45,215.3,6.13,KS
11,2007,6.84,207.3,5.84,KS
12,2006,6.89,201.6,6.05,KS
13,2005,6.55,195.3,5.94,KS
14,2004,6.37,188.9,5.97,KS
15,2003,6.35,184.0,6.11,KS
16,2002,6.31,179.9,6.21,KS
17,2001,6.24,177.1,6.24,KS
0,2018,8.44,250.5,5.97,KY
1,2017,8.57,245.1,6.19,KY
2,2016,8.42,240.0,6.21,KY
3,2015,8.14,237.0,6.08,KY
4,2014,8.15,236.7,6.1,KY
5,2013,7.69,233.0,5.85,KY
6,2012,7.26,229.6,5.6,KY
7,2011,7.17,224.9,5.65,KY
8,2010,6.73,218.1,5.46,KY
9,2009,6.52,214.5,5.38,KY
10,2008,6.26,215.3,5.15,KY
11,2007,5.84,207.3,4.99,KY
12,2006,5.43,201.6,4.77,KY
13,2005,5.01,195.3,4.54,KY
14,2004,4.63,188.9,4.34,KY
15,2003,4.42,184.0,4.25,KY
16,2002,4.26,179.9,4.19,KY
17,2001,4.24,177.1,4.24,KY
0,2018,7.65,250.5,5.41,LA
1,2017,7.79,245.1,5.63,LA
2,2016,7.46,240.0,5.5,LA
3,2015,7.65,237.0,5.72,LA
4,2014,8.09,236.7,6.05,LA
5,2013,8.04,233.0,6.11,LA
6,2012,6.9,229.6,5.32,LA
7,2011,7.68,224.9,6.05,LA
8,2010,7.8,218.1,6.33,LA
9,2009,7.06,214.5,5.83,LA
10,2008,9.44,215.3,7.77,LA
11,2007,8.39,207.3,7.17,LA
12,2006,8.3,201.6,7.29,LA
13,2005,8.03,195.3,7.28,LA
14,2004,7.13,188.9,6.68,LA
15,2003,6.93,184.0,6.67,LA
16,2002,5.99,179.9,5.9,LA
17,2001,6.96,177.1,6.96,LA
0,2018,13.07,250.5,9.24,ME
1,2017,13.02,245.1,9.41,ME
2,2016,12.8,240.0,9.45,ME
3,2015,12.78,237.0,9.55,ME
4,2014,12.65,236.7,9.46,ME
5,2013,11.86,233.0,9.01,ME
6,2012,11.81,229.6,9.11,ME
7,2011,12.58,224.9,9.91,ME
8,2010,12.84,218.1,10.43,ME
9,2009,13.12,214.5,10.83,ME
10,2008,13.8,215.3,11.35,ME
11,2007,14.59,207.3,12.46,ME
12,2006,11.8,201.6,10.37,ME
13,2005,10.57,195.3,9.58,ME
14,2004,9.69,188.9,9.08,ME
15,2003,9.79,184.0,9.42,ME
16,2002,10.35,179.9,10.19,ME
17,2001,10.55,177.1,10.55,ME
0,2018,11.58,250.5,8.19,MD
1,2017,11.98,245.1,8.66,MD
2,2016,12.21,240.0,9.01,MD
3,2015,12.07,237.0,9.02,MD
4,2014,12.1,236.7,9.05,MD
5,2013,11.66,233.0,8.86,MD
6,2012,11.28,229.6,8.7,MD
7,2011,11.93,224.9,9.39,MD
8,2010,12.71,218.1,10.32,MD
9,2009,13.09,214.5,10.81,MD
10,2008,13.01,215.3,10.7,MD
11,2007,11.5,207.3,9.82,MD
12,2006,9.95,201.6,8.74,MD
13,2005,8.13,195.3,7.37,MD
14,2004,7.15,188.9,6.7,MD
15,2003,6.45,184.0,6.21,MD
16,2002,6.18,179.9,6.08,MD
17,2001,6.6,177.1,6.6,MD
0,2018,18.3,250.5,12.94,MA
1,2017,17.12,245.1,12.37,MA
2,2016,16.48,240.0,12.16,MA
3,2015,16.9,237.0,12.63,MA
4,2014,15.35,236.7,11.48,MA
5,2013,14.51,233.0,11.03,MA
6,2012,13.79,229.6,10.64,MA
7,2011,14.11,224.9,11.11,MA
8,2010,14.26,218.1,11.58,MA
9,2009,15.45,214.5,12.76,MA
10,2008,16.23,215.3,13.35,MA
11,2007,15.16,207.3,12.95,MA
12,2006,15.45,201.6,13.57,MA
13,2005,12.18,195.3,11.04,MA
14,2004,10.77,188.9,10.1,MA
15,2003,10.56,184.0,10.16,MA
16,2002,10.06,179.9,9.9,MA
17,2001,11.55,177.1,11.55,MA
0,2018,11.53,250.5,8.15,MI
1,2017,11.28,245.1,8.15,MI
2,2016,11.05,240.0,8.15,MI
3,2015,10.76,237.0,8.04,MI
4,2014,11.03,236.7,8.25,MI
5,2013,11.21,233.0,8.52,MI
6,2012,10.98,229.6,8.47,MI
7,2011,10.4,224.9,8.19,MI
8,2010,9.88,218.1,8.02,MI
9,2009,9.4,214.5,7.76,MI
10,2008,8.93,215.3,7.35,MI
11,2007,8.53,207.3,7.29,MI
12,2006,8.14,201.6,7.15,MI
13,2005,7.23,195.3,6.56,MI
14,2004,6.94,188.9,6.51,MI
15,2003,6.85,184.0,6.59,MI
16,2002,7.09,179.9,6.98,MI
17,2001,6.97,177.1,6.97,MI
0,2018,10.59,250.5,7.49,MN
1,2017,10.27,245.1,7.42,MN
2,2016,9.99,240.0,7.37,MN
3,2015,9.53,237.0,7.12,MN
4,2014,9.52,236.7,7.12,MN
5,2013,9.41,233.0,7.15,MN
6,2012,8.86,229.6,6.83,MN
7,2011,8.65,224.9,6.81,MN
8,2010,8.41,218.1,6.83,MN
9,2009,8.14,214.5,6.72,MN
10,2008,7.79,215.3,6.41,MN
11,2007,7.44,207.3,6.36,MN
12,2006,6.98,201.6,6.13,MN
13,2005,6.61,195.3,5.99,MN
14,2004,6.24,188.9,5.85,MN
15,2003,6.01,184.0,5.78,MN
16,2002,5.8,179.9,5.71,MN
17,2001,5.97,177.1,5.97,MN
0,2018,9.32,250.5,6.59,MS
1,2017,9.09,245.1,6.57,MS
2,2016,8.67,240.0,6.4,MS
3,2015,9.53,237.0,7.12,MS
4,2014,9.6,236.7,7.18,MS
5,2013,9.11,233.0,6.92,MS
6,2012,8.6,229.6,6.63,MS
7,2011,8.78,224.9,6.91,MS
8,2010,8.59,218.1,6.98,MS
9,2009,8.85,214.5,7.31,MS
10,2008,8.99,215.3,7.39,MS
11,2007,8.03,207.3,6.86,MS
12,2006,8.33,201.6,7.32,MS
13,2005,7.54,195.3,6.84,MS
14,2004,7.0,188.9,6.56,MS
15,2003,6.46,184.0,6.22,MS
16,2002,6.24,179.9,6.14,MS
17,2001,6.26,177.1,6.26,MS
0,2018,9.76,250.5,6.9,MO
1,2017,10.03,245.1,7.25,MO
2,2016,9.74,240.0,7.19,MO
3,2015,9.44,237.0,7.05,MO
4,2014,9.11,236.7,6.82,MO
5,2013,9.04,233.0,6.87,MO
6,2012,8.53,229.6,6.58,MO
7,2011,8.32,224.9,6.55,MO
8,2010,7.78,218.1,6.32,MO
9,2009,7.35,214.5,6.07,MO
10,2008,6.84,215.3,5.63,MO
11,2007,6.56,207.3,5.6,MO
12,2006,6.3,201.6,5.53,MO
13,2005,6.13,195.3,5.56,MO
14,2004,6.07,188.9,5.69,MO
15,2003,6.02,184.0,5.79,MO
16,2002,6.09,179.9,6.0,MO
17,2001,6.03,177.1,6.03,MO
0,2018,9.0,250.5,6.36,MT
1,2017,8.92,245.1,6.45,MT
2,2016,8.84,240.0,6.52,MT
3,2015,8.9,237.0,6.65,MT
4,2014,8.59,236.7,6.43,MT
5,2013,8.58,233.0,6.52,MT
6,2012,8.25,229.6,6.36,MT
7,2011,8.23,224.9,6.48,MT
8,2010,7.84,218.1,6.37,MT
9,2009,7.58,214.5,6.26,MT
10,2008,7.72,215.3,6.35,MT
11,2007,7.13,207.3,6.09,MT
12,2006,6.91,201.6,6.07,MT
13,2005,6.72,195.3,6.09,MT
14,2004,6.4,188.9,6.0,MT
15,2003,6.14,184.0,5.91,MT
16,2002,5.7,179.9,5.61,MT
17,2001,6.48,177.1,6.48,MT
0,2018,9.09,250.5,6.43,NE
1,2017,9.08,245.1,6.56,NE
2,2016,9.05,240.0,6.68,NE
3,2015,8.91,237.0,6.66,NE
4,2014,8.84,236.7,6.61,NE
5,2013,8.74,233.0,6.64,NE
6,2012,8.37,229.6,6.46,NE
7,2011,7.88,224.9,6.21,NE
8,2010,7.52,218.1,6.11,NE
9,2009,7.21,214.5,5.95,NE
10,2008,6.58,215.3,5.41,NE
11,2007,6.28,207.3,5.37,NE
12,2006,6.07,201.6,5.33,NE
13,2005,5.87,195.3,5.32,NE
14,2004,5.7,188.9,5.34,NE
15,2003,5.64,184.0,5.43,NE
16,2002,5.55,179.9,5.46,NE
17,2001,5.39,177.1,5.39,NE
0,2018,8.71,250.5,6.16,NV
1,2017,8.76,245.1,6.33,NV
2,2016,8.38,240.0,6.18,NV
3,2015,9.48,237.0,7.08,NV
4,2014,9.73,236.7,7.28,NV
5,2013,9.03,233.0,6.86,NV
6,2012,8.95,229.6,6.9,NV
7,2011,8.97,224.9,7.06,NV
8,2010,9.73,218.1,7.9,NV
9,2009,10.36,214.5,8.55,NV
10,2008,9.89,215.3,8.14,NV
11,2007,9.99,207.3,8.53,NV
12,2006,9.63,201.6,8.46,NV
13,2005,9.02,195.3,8.18,NV
14,2004,8.56,188.9,8.03,NV
15,2003,8.29,184.0,7.98,NV
16,2002,8.42,179.9,8.29,NV
17,2001,7.86,177.1,7.86,NV
0,2018,16.93,250.5,11.97,NH
1,2017,16.17,245.1,11.68,NH
2,2016,15.66,240.0,11.56,NH
3,2015,16.02,237.0,11.97,NH
4,2014,15.22,236.7,11.39,NH
5,2013,14.3,233.0,10.87,NH
6,2012,14.19,229.6,10.95,NH
7,2011,14.74,224.9,11.61,NH
8,2010,14.84,218.1,12.05,NH
9,2009,15.09,214.5,12.46,NH
10,2008,14.63,215.3,12.03,NH
11,2007,13.98,207.3,11.94,NH
12,2006,13.84,201.6,12.16,NH
13,2005,12.53,195.3,11.36,NH
14,2004,11.37,188.9,10.66,NH
15,2003,10.83,184.0,10.42,NH
16,2002,10.6,179.9,10.44,NH
17,2001,10.95,177.1,10.95,NH
0,2018,13.28,250.5,9.39,NJ
1,2017,13.32,245.1,9.62,NJ
2,2016,13.38,240.0,9.87,NJ
3,2015,13.74,237.0,10.27,NJ
4,2014,13.95,236.7,10.44,NJ
5,2013,13.69,233.0,10.41,NJ
6,2012,13.68,229.6,10.55,NJ
7,2011,14.3,224.9,11.26,NJ
8,2010,14.68,218.1,11.92,NJ
9,2009,14.53,214.5,12.0,NJ
10,2008,14.43,215.3,11.87,NJ
11,2007,13.01,207.3,11.11,NJ
12,2006,11.88,201.6,10.44,NJ
13,2005,10.89,195.3,9.88,NJ
14,2004,10.29,188.9,9.65,NJ
15,2003,9.48,184.0,9.12,NJ
16,2002,9.3,179.9,9.16,NJ
17,2001,9.36,177.1,9.36,NJ
0,2018,9.43,250.5,6.67,NM
1,2017,9.59,245.1,6.93,NM
2,2016,9.12,240.0,6.73,NM
3,2015,9.62,237.0,7.19,NM
4,2014,9.65,236.7,7.22,NM
5,2013,9.25,233.0,7.03,NM
6,2012,8.83,229.6,6.81,NM
7,2011,8.74,224.9,6.88,NM
8,2010,8.4,218.1,6.82,NM
9,2009,8.09,214.5,6.68,NM
10,2008,8.35,215.3,6.87,NM
11,2007,7.44,207.3,6.36,NM
12,2006,7.37,201.6,6.47,NM
13,2005,7.51,195.3,6.81,NM
14,2004,7.1,188.9,6.66,NM
15,2003,7.0,184.0,6.74,NM
16,2002,6.73,179.9,6.63,NM
17,2001,7.16,177.1,7.16,NM
0,2018,14.88,250.5,10.52,NY
1,2017,14.74,245.1,10.65,NY
2,2016,14.47,240.0,10.68,NY
3,2015,15.28,237.0,11.42,NY
4,2014,16.25,236.7,12.16,NY
5,2013,15.44,233.0,11.74,NY
6,2012,15.15,229.6,11.69,NY
7,2011,15.89,224.9,12.51,NY
8,2010,16.41,218.1,13.33,NY
9,2009,15.44,214.5,12.75,NY
10,2008,16.47,215.3,13.55,NY
11,2007,15.22,207.3,13.0,NY
12,2006,15.27,201.6,13.41,NY
13,2005,13.95,195.3,12.65,NY
14,2004,12.55,188.9,11.77,NY
15,2003,12.44,184.0,11.97,NY
16,2002,11.16,179.9,10.99,NY
17,2001,11.55,177.1,11.55,NY
0,2018,9.36,250.5,6.62,NC
1,2017,9.04,245.1,6.53,NC
2,2016,9.2,240.0,6.79,NC
3,2015,9.37,237.0,7.0,NC
4,2014,9.33,236.7,6.98,NC
5,2013,9.24,233.0,7.02,NC
6,2012,9.15,229.6,7.06,NC
7,2011,8.64,224.9,6.8,NC
8,2010,8.67,218.1,7.04,NC
9,2009,8.48,214.5,7.0,NC
10,2008,7.96,215.3,6.55,NC
11,2007,7.83,207.3,6.69,NC
12,2006,7.53,201.6,6.61,NC
13,2005,7.19,195.3,6.52,NC
14,2004,6.97,188.9,6.53,NC
15,2003,6.86,184.0,6.6,NC
16,2002,6.74,179.9,6.64,NC
17,2001,6.58,177.1,6.58,NC
0,2018,9.14,250.5,6.46,ND
1,2017,8.78,245.1,6.34,ND
2,2016,8.94,240.0,6.6,ND
3,2015,8.75,237.0,6.54,ND
4,2014,8.41,236.7,6.29,ND
5,2013,8.2,233.0,6.23,ND
6,2012,7.83,229.6,6.04,ND
7,2011,7.5,224.9,5.91,ND
8,2010,7.11,218.1,5.77,ND
9,2009,6.63,214.5,5.47,ND
10,2008,6.69,215.3,5.5,ND
11,2007,6.42,207.3,5.48,ND
12,2006,6.21,201.6,5.46,ND
13,2005,5.92,195.3,5.37,ND
14,2004,5.69,188.9,5.33,ND
15,2003,5.47,184.0,5.26,ND
16,2002,5.45,179.9,5.37,ND
17,2001,5.48,177.1,5.48,ND
0,2018,9.78,250.5,6.91,OH
1,2017,9.84,245.1,7.11,OH
2,2016,9.84,240.0,7.26,OH
3,2015,9.98,237.0,7.46,OH
4,2014,9.73,236.7,7.28,OH
5,2013,9.2,233.0,6.99,OH
6,2012,9.12,229.6,7.03,OH
7,2011,9.03,224.9,7.11,OH
8,2010,9.14,218.1,7.42,OH
9,2009,9.02,214.5,7.45,OH
10,2008,8.39,215.3,6.9,OH
11,2007,7.91,207.3,6.76,OH
12,2006,7.71,201.6,6.77,OH
13,2005,7.08,195.3,6.42,OH
14,2004,6.89,188.9,6.46,OH
15,2003,6.73,184.0,6.48,OH
16,2002,6.77,179.9,6.66,OH
17,2001,6.62,177.1,6.62,OH
0,2018,7.99,250.5,5.65,OK
1,2017,8.2,245.1,5.93,OK
2,2016,7.83,240.0,5.78,OK
3,2015,7.9,237.0,5.9,OK
4,2014,8.18,236.7,6.12,OK
5,2013,7.86,233.0,5.97,OK
6,2012,7.54,229.6,5.82,OK
7,2011,7.8,224.9,6.14,OK
8,2010,7.59,218.1,6.16,OK
9,2009,6.94,214.5,5.73,OK
10,2008,7.81,215.3,6.42,OK
11,2007,7.29,207.3,6.23,OK
12,2006,7.3,201.6,6.41,OK
13,2005,6.85,195.3,6.21,OK
14,2004,6.5,188.9,6.09,OK
15,2003,6.35,184.0,6.11,OK
16,2002,5.59,179.9,5.5,OK
17,2001,6.1,177.1,6.1,OK
0,2018,9.05,250.5,6.4,OR
1,2017,8.81,245.1,6.37,OR
2,2016,8.83,240.0,6.52,OR
3,2015,8.75,237.0,6.54,OR
4,2014,8.68,236.7,6.49,OR
5,2013,8.44,233.0,6.42,OR
6,2012,8.21,229.6,6.33,OR
7,2011,8.04,224.9,6.33,OR
8,2010,7.56,218.1,6.14,OR
9,2009,7.47,214.5,6.17,OR
10,2008,7.24,215.3,5.96,OR
11,2007,7.02,207.3,6.0,OR
12,2006,6.53,201.6,5.74,OR
13,2005,6.34,195.3,5.75,OR
14,2004,6.21,188.9,5.82,OR
15,2003,6.18,184.0,5.95,OR
16,2002,6.32,179.9,6.22,OR
17,2001,5.44,177.1,5.44,OR
0,2018,10.11,250.5,7.15,PA
1,2017,10.13,245.1,7.32,PA
2,2016,10.19,240.0,7.52,PA
3,2015,10.31,237.0,7.7,PA
4,2014,10.28,236.7,7.69,PA
5,2013,9.81,233.0,7.46,PA
6,2012,9.91,229.6,7.64,PA
7,2011,10.45,224.9,8.23,PA
8,2010,10.31,218.1,8.37,PA
9,2009,9.6,214.5,7.93,PA
10,2008,9.33,215.3,7.67,PA
11,2007,9.08,207.3,7.76,PA
12,2006,8.68,201.6,7.63,PA
13,2005,8.27,195.3,7.5,PA
14,2004,8.0,188.9,7.5,PA
15,2003,8.02,184.0,7.72,PA
16,2002,8.06,179.9,7.93,PA
17,2001,8.01,177.1,8.01,PA
0,2018,18.05,250.5,12.76,RI
1,2017,16.42,245.1,11.86,RI
2,2016,16.28,240.0,12.01,RI
3,2015,17.01,237.0,12.71,RI
4,2014,15.41,236.7,11.53,RI
5,2013,13.72,233.0,10.43,RI
6,2012,12.74,229.6,9.83,RI
7,2011,13.04,224.9,10.27,RI
8,2010,14.07,218.1,11.43,RI
9,2009,14.22,214.5,11.74,RI
10,2008,16.04,215.3,13.19,RI
11,2007,13.12,207.3,11.21,RI
12,2006,13.98,201.6,12.28,RI
13,2005,11.97,195.3,10.85,RI
14,2004,10.96,188.9,10.28,RI
15,2003,10.47,184.0,10.08,RI
16,2002,9.2,179.9,9.06,RI
17,2001,11.45,177.1,11.45,RI
0,2018,9.72,250.5,6.87,SC
1,2017,9.97,245.1,7.2,SC
2,2016,9.79,240.0,7.22,SC
3,2015,9.58,237.0,7.16,SC
4,2014,9.67,236.7,7.24,SC
5,2013,9.24,233.0,7.02,SC
6,2012,9.1,229.6,7.02,SC
7,2011,8.8,224.9,6.93,SC
8,2010,8.49,218.1,6.89,SC
9,2009,8.42,214.5,6.95,SC
10,2008,7.85,215.3,6.46,SC
11,2007,7.18,207.3,6.13,SC
12,2006,6.98,201.6,6.13,SC
13,2005,6.72,195.3,6.09,SC
14,2004,6.22,188.9,5.83,SC
15,2003,6.08,184.0,5.85,SC
16,2002,5.83,179.9,5.74,SC
17,2001,5.77,177.1,5.77,SC
0,2018,9.93,250.5,7.02,SD
1,2017,10.05,245.1,7.26,SD
2,2016,9.83,240.0,7.25,SD
3,2015,9.47,237.0,7.08,SD
4,2014,9.05,236.7,6.77,SD
5,2013,8.86,233.0,6.73,SD
6,2012,8.49,229.6,6.55,SD
7,2011,8.05,224.9,6.34,SD
8,2010,7.82,218.1,6.35,SD
9,2009,7.39,214.5,6.1,SD
10,2008,7.14,215.3,5.87,SD
11,2007,6.89,207.3,5.89,SD
12,2006,6.7,201.6,5.89,SD
13,2005,6.6,195.3,5.98,SD
14,2004,6.44,188.9,6.04,SD
15,2003,6.35,184.0,6.11,SD
16,2002,6.26,179.9,6.16,SD
17,2001,6.35,177.1,6.35,SD
0,2018,9.61,250.5,6.79,TN
1,2017,9.45,245.1,6.83,TN
2,2016,9.23,240.0,6.81,TN
3,2015,9.3,237.0,6.95,TN
4,2014,9.4,236.7,7.03,TN
5,2013,9.13,233.0,6.94,TN
6,2012,9.27,229.6,7.15,TN
7,2011,9.28,224.9,7.31,TN
8,2010,8.61,218.1,6.99,TN
9,2009,8.69,214.5,7.17,TN
10,2008,8.18,215.3,6.73,TN
11,2007,7.07,207.3,6.04,TN
12,2006,6.97,201.6,6.12,TN
13,2005,6.31,195.3,5.72,TN
14,2004,6.14,188.9,5.76,TN
15,2003,5.84,184.0,5.62,TN
16,2002,5.72,179.9,5.63,TN
17,2001,5.59,177.1,5.59,TN
0,2018,8.67,250.5,6.13,TX
1,2017,8.38,245.1,6.06,TX
2,2016,8.43,240.0,6.22,TX
3,2015,8.7,237.0,6.5,TX
4,2014,8.94,236.7,6.69,TX
5,2013,8.66,233.0,6.58,TX
6,2012,8.55,229.6,6.59,TX
7,2011,9.0,224.9,7.09,TX
8,2010,9.34,218.1,7.58,TX
9,2009,9.86,214.5,8.14,TX
10,2008,10.99,215.3,9.04,TX
11,2007,10.11,207.3,8.64,TX
12,2006,10.34,201.6,9.08,TX
13,2005,9.14,195.3,8.29,TX
14,2004,7.95,188.9,7.45,TX
15,2003,7.5,184.0,7.22,TX
16,2002,6.62,179.9,6.52,TX
17,2001,7.38,177.1,7.38,TX
0,2018,8.3,250.5,5.87,UT
1,2017,8.6,245.1,6.21,UT
2,2016,8.72,240.0,6.43,UT
3,2015,8.54,237.0,6.38,UT
4,2014,8.35,236.7,6.25,UT
5,2013,8.15,233.0,6.19,UT
6,2012,7.84,229.6,6.05,UT
7,2011,7.13,224.9,5.61,UT
8,2010,6.94,218.1,5.64,UT
9,2009,6.77,214.5,5.59,UT
10,2008,6.49,215.3,5.34,UT
11,2007,6.41,207.3,5.48,UT
12,2006,5.99,201.6,5.26,UT
13,2005,5.92,195.3,5.37,UT
14,2004,5.69,188.9,5.33,UT
15,2003,5.41,184.0,5.21,UT
16,2002,5.39,179.9,5.31,UT
17,2001,5.21,177.1,5.21,UT
0,2018,15.09,250.5,10.67,VT
1,2017,14.6,245.1,10.55,VT
2,2016,14.46,240.0,10.67,VT
3,2015,14.41,237.0,10.77,VT
4,2014,14.57,236.7,10.9,VT
5,2013,14.61,233.0,11.1,VT
6,2012,14.22,229.6,10.97,VT
7,2011,13.8,224.9,10.87,VT
8,2010,13.24,218.1,10.75,VT
9,2009,12.75,214.5,10.53,VT
10,2008,12.33,215.3,10.14,VT
11,2007,12.04,207.3,10.29,VT
12,2006,11.37,201.6,9.99,VT
13,2005,10.95,195.3,9.93,VT
14,2004,11.02,188.9,10.33,VT
15,2003,10.98,184.0,10.57,VT
16,2002,10.87,179.9,10.7,VT
17,2001,10.86,177.1,10.86,VT
0,2018,9.55,250.5,6.75,VA
1,2017,9.18,245.1,6.63,VA
2,2016,9.09,240.0,6.71,VA
3,2015,9.31,237.0,6.96,VA
4,2014,9.17,236.7,6.86,VA
5,2013,8.96,233.0,6.81,VA
6,2012,9.07,229.6,7.0,VA
7,2011,8.84,224.9,6.96,VA
8,2010,8.69,218.1,7.06,VA
9,2009,8.93,214.5,7.37,VA
10,2008,8.0,215.3,6.58,VA
11,2007,7.12,207.3,6.08,VA
12,2006,6.86,201.6,6.03,VA
13,2005,6.64,195.3,6.02,VA
14,2004,6.43,188.9,6.03,VA
15,2003,6.27,184.0,6.03,VA
16,2002,6.23,179.9,6.13,VA
17,2001,6.18,177.1,6.18,VA
0,2018,7.98,250.5,5.64,WA
1,2017,7.94,245.1,5.74,WA
2,2016,7.68,240.0,5.67,WA
3,2015,7.4,237.0,5.53,WA
4,2014,7.13,236.7,5.33,WA
5,2013,7.09,233.0,5.39,WA
6,2012,6.94,229.6,5.35,WA
7,2011,6.78,224.9,5.34,WA
8,2010,6.66,218.1,5.41,WA
9,2009,6.59,214.5,5.44,WA
10,2008,6.55,215.3,5.39,WA
11,2007,6.37,207.3,5.44,WA
12,2006,6.14,201.6,5.39,WA
13,2005,5.87,195.3,5.32,WA
14,2004,5.8,188.9,5.44,WA
15,2003,5.86,184.0,5.64,WA
16,2002,5.88,179.9,5.79,WA
17,2001,5.34,177.1,5.34,WA
0,2018,8.78,250.5,6.21,WV
1,2017,9.0,245.1,6.5,WV
2,2016,8.98,240.0,6.63,WV
3,2015,8.11,237.0,6.06,WV
4,2014,7.65,236.7,5.72,WV
5,2013,7.91,233.0,6.01,WV
6,2012,8.14,229.6,6.28,WV
7,2011,7.88,224.9,6.21,WV
8,2010,7.45,218.1,6.05,WV
9,2009,6.65,214.5,5.49,WV
10,2008,5.61,215.3,4.61,WV
11,2007,5.34,207.3,4.56,WV
12,2006,5.04,201.6,4.43,WV
13,2005,5.15,195.3,4.67,WV
14,2004,5.13,188.9,4.81,WV
15,2003,5.13,184.0,4.94,WV
16,2002,5.11,179.9,5.03,WV
17,2001,5.07,177.1,5.07,WV
0,2018,10.91,250.5,7.71,WI
1,2017,10.76,245.1,7.77,WI
2,2016,10.67,240.0,7.87,WI
3,2015,10.73,237.0,8.02,WI
4,2014,10.57,236.7,7.91,WI
5,2013,10.51,233.0,7.99,WI
6,2012,10.28,229.6,7.93,WI
7,2011,10.21,224.9,8.04,WI
8,2010,9.78,218.1,7.94,WI
9,2009,9.38,214.5,7.74,WI
10,2008,9.0,215.3,7.4,WI
11,2007,8.48,207.3,7.24,WI
12,2006,8.13,201.6,7.14,WI
13,2005,7.48,195.3,6.78,WI
14,2004,6.88,188.9,6.45,WI
15,2003,6.64,184.0,6.39,WI
16,2002,6.28,179.9,6.18,WI
17,2001,6.08,177.1,6.08,WI
0,2018,8.11,250.5,5.73,WY
1,2017,8.28,245.1,5.98,WY
2,2016,8.19,240.0,6.04,WY
3,2015,7.97,237.0,5.96,WY
4,2014,7.76,236.7,5.81,WY
5,2013,7.55,233.0,5.74,WY
6,2012,7.19,229.6,5.55,WY
7,2011,6.58,224.9,5.18,WY
8,2010,6.2,218.1,5.03,WY
9,2009,6.08,214.5,5.02,WY
10,2008,5.67,215.3,4.66,WY
11,2007,5.29,207.3,4.52,WY
12,2006,5.27,201.6,4.63,WY
13,2005,5.16,195.3,4.68,WY
14,2004,4.98,188.9,4.67,WY
15,2003,4.76,184.0,4.58,WY
16,2002,4.68,179.9,4.61,WY
17,2001,4.46,177.1,4.46,WY
